unique_id,prediction
706485,
410058,
1005142,
991122,
955277,
133677,
478595,
812397,
537096,
713503,
223107,
1084674,
1148088,
253188,
583973,
184743,
753299,
864637,
93010,
1013183,
157502,
445004,
551275,
73821,
480025,
243899,
214579,
1168517,
221253,
850165,
183956,
637291,
59181,
476952,
54724,
933688,
393907,
931355,
804606,
682556,
337352,
790086,
764892,
599018,
136370,
756361,
1018794,
602044,
13927,
41613,
496167,
468269,
684825,
182237,
1179574,
43351,
1088696,
196238,
421542,
493884,
704540,
1071613,
476258,
18858,
71882,
1131401,
385961,
1159339,
506943,
294264,
1087725,
964098,
929242,
1183938,
779105,
758674,
262456,
163181,
806772,
446765,
474665,
476212,
254233,
240053,
228697,
764264,
771524,
204631,
99803,
88096,
31189,
1102804,
87342,
258705,
56916,
126663,
494934,
122533,
1121065,
339923,
340600,
224445,
34616,
358843,
649771,
574601,
626023,
990024,
984642,
805842,
964057,
15278,
384175,
624741,
560092,
986993,
503669,
456487,
1026489,
890940,
44785,
758967,
599413,
927796,
285318,
324061,
1135293,
1028391,
489274,
146432,
379192,
1045741,
146143,
922932,
258759,
242081,
1148264,
562527,
763509,
362087,
996748,
171019,
1190193,
697624,
167376,
34631,
666002,
1161502,
1058103,
659354,
777659,
68280,
287698,
629728,
714774,
668607,
204285,
966827,
1187083,
1033146,
480932,
632115,
426378,
314257,
487661,
665473,
14202,
548279,
59852,
965228,
810892,
497907,
1018171,
849211,
630037,
1046183,
38551,
409130,
721752,
630856,
732502,
797084,
872266,
134570,
198292,
1196428,
714092,
1180021,
1035127,
900995,
1177718,
1065498,
1021440,
643332,
49290,
936394,
1026250,
1056738,
1115417,
133672,
625427,
344926,
58483,
373735,
239453,
285013,
259304,
998792,
1150983,
556271,
740070,
1189611,
730128,
977389,
579990,
844745,
425002,
537098,
495959,
582156,
693168,
1127483,
127251,
386391,
1145211,
940436,
404398,
720023,
140229,
796217,
710284,
816238,
298162,
254171,
356090,
788607,
591396,
657951,
156003,
774612,
729337,
555342,
694351,
1013922,
788924,
502176,
1195596,
88005,
872715,
638508,
617389,
485850,
966019,
415024,
560549,
752466,
877924,
435802,
397536,
431527,
761768,
1057229,
750269,
1092109,
856294,
517387,
1079196,
662450,
93601,
367626,
544039,
11359,
998262,
1025949,
793775,
71177,
848773,
775520,
248851,
921377,
99800,
366886,
1114026,
507304,
641777,
375918,
179953,
622710,
409329,
123611,
1008490,
755976,
95849,
993411,
613233,
319315,
1102900,
376633,
1047547,
944467,
984323,
106375,
262205,
1013618,
489216,
1174708,
668276,
1175244,
530470,
1020023,
1140089,
1103076,
1087174,
824441,
784689,
1044764,
1112014,
687878,
786127,
1062846,
959737,
16066,
470598,
290495,
903331,
923704,
79009,
398597,
675729,
428885,
309431,
1059700,
587734,
858909,
51131,
157729,
1109493,
125283,
1165361,
761812,
725955,
1172579,
348689,
155448,
72399,
267655,
681548,
707601,
494176,
576857,
154758,
1167918,
931836,
268331,
991865,
1987,
715209,
674051,
502323,
1044724,
1059439,
586462,
453180,
586245,
194112,
877276,
77567,
171654,
202499,
1159746,
631525,
109267,
980139,
681674,
110538,
308025,
1043000,
478650,
581387,
12432,
200296,
1167860,
878083,
808902,
671968,
1067976,
627658,
230032,
19507,
183809,
700746,
397796,
1017436,
291913,
119728,
536239,
1101230,
1168426,
71973,
783905,
324893,
137902,
282996,
718807,
624784,
876958,
115858,
1107897,
223501,
91004,
858746,
395272,
875684,
383510,
643743,
1179615,
767911,
393866,
536279,
405537,
525593,
805843,
466055,
25167,
661568,
1086018,
302943,
370866,
926874,
722985,
633077,
492558,
676109,
49484,
767205,
99958,
230902,
81995,
810359,
974043,
945039,
973080,
625956,
263391,
1182680,
1173243,
420643,
691190,
653116,
672001,
178938,
462153,
95313,
558428,
414904,
612638,
973756,
88284,
309086,
685719,
833783,
204925,
614846,
645943,
602372,
1069718,
165569,
72909,
856743,
1098735,
741230,
224329,
740306,
281846,
739663,
622196,
247378,
670608,
1070345,
147226,
1031683,
882866,
302403,
502734,
78168,
255253,
398527,
400201,
739228,
316734,
228414,
1136581,
147461,
736670,
656241,
833104,
850201,
148196,
895993,
1162315,
1081499,
174094,
1186726,
414250,
829420,
1021085,
202469,
322676,
1166659,
492756,
742950,
455558,
766524,
235189,
783571,
974154,
963404,
161762,
286728,
757863,
15945,
1031626,
771648,
44185,
210350,
42440,
77904,
32445,
1044915,
541643,
1149356,
623055,
32124,
365534,
1124940,
343326,
221176,
472596,
614381,
500367,
453812,
102395,
578942,
16323,
81202,
286013,
106431,
960284,
657451,
441472,
133135,
1001406,
495530,
61691,
753882,
951325,
510172,
599123,
1192265,
422416,
566928,
1176636,
240630,
936736,
663480,
527677,
115872,
875033,
1194188,
1032111,
678863,
919246,
744228,
713423,
118979,
76950,
890258,
133480,
346573,
234366,
1102836,
593436,
809958,
90778,
80975,
514296,
766725,
447838,
892584,
149490,
541865,
1012892,
366011,
282337,
1162030,
284829,
619722,
443313,
737268,
162239,
903030,
190929,
272163,
695286,
178211,
738066,
72810,
298486,
933716,
576116,
192175,
1014931,
464364,
850376,
521690,
815794,
671407,
567666,
733537,
808655,
528109,
142424,
1069227,
168715,
528192,
338586,
809288,
125102,
147237,
9404,
611382,
567254,
656254,
1190725,
727436,
583709,
593087,
586813,
910139,
998689,
651039,
738914,
579069,
410005,
1112344,
1001886,
167087,
438667,
1068779,
487858,
494041,
299827,
729463,
104941,
676833,
991154,
440402,
1178753,
8637,
501898,
733383,
219741,
554700,
999819,
1197023,
121927,
416113,
123800,
693332,
716026,
124219,
630523,
998248,
955535,
737633,
331022,
1028104,
1103679,
7386,
1193655,
757084,
943517,
405161,
792368,
393387,
178130,
1088558,
461672,
790265,
760359,
557625,
827949,
429061,
845647,
747306,
561360,
537939,
676365,
859395,
724428,
757938,
82428,
579910,
3519,
1030032,
150154,
888883,
740922,
1042987,
932136,
303984,
720053,
41491,
46163,
381476,
735899,
387812,
1067056,
6208,
926270,
1037584,
895838,
879431,
95890,
1165692,
1032466,
353703,
352610,
499750,
168623,
731114,
1134549,
763863,
640061,
638954,
77331,
311387,
163044,
498797,
878070,
1107518,
65342,
216866,
395457,
565993,
122402,
830800,
668086,
233641,
441973,
701588,
936222,
770843,
1166849,
301468,
210641,
1097463,
203237,
1151394,
242555,
491358,
448141,
686068,
237608,
422316,
961610,
142377,
1053582,
696196,
707579,
794694,
300133,
167120,
175764,
1158079,
1097436,
133654,
399140,
143834,
335333,
581924,
377772,
126603,
737796,
703124,
985726,
151451,
859341,
293145,
1086096,
1122082,
251583,
135477,
435671,
1158227,
342709,
1083508,
127928,
1067376,
603549,
73352,
980319,
764646,
435708,
175414,
874370,
335889,
168954,
260591,
158528,
329931,
1064433,
440205,
1182392,
718933,
685529,
58029,
1111239,
1073766,
361782,
1060567,
1017268,
1033543,
852822,
571261,
970106,
496174,
42022,
936033,
375202,
691357,
18702,
819770,
50903,
810553,
614995,
646582,
383190,
735459,
1167821,
785087,
875413,
195857,
970817,
422200,
228608,
39585,
605049,
547537,
896781,
483881,
233407,
583759,
63965,
1118612,
375413,
214445,
277943,
676994,
685672,
559961,
679190,
794729,
1155925,
557069,
533401,
966785,
466392,
1126295,
704651,
459424,
257045,
860540,
290855,
293102,
1177866,
1110637,
983517,
180628,
93267,
269745,
801377,
777173,
350426,
517978,
131457,
1194755,
147103,
751890,
29036,
959177,
759626,
1059854,
249761,
450689,
302111,
373210,
645510,
484525,
541904,
76890,
637699,
1041157,
1076019,
6776,
42133,
345152,
707289,
289056,
433684,
453787,
1188811,
285569,
710312,
441682,
613228,
731763,
40303,
1041707,
922585,
810617,
958195,
1013954,
453184,
1108205,
650896,
743508,
1055149,
705219,
1100997,
1097444,
402974,
56553,
571693,
498024,
330428,
831945,
345870,
730408,
614810,
326404,
192308,
1032363,
673923,
253806,
360274,
730184,
1111171,
822314,
524479,
799197,
89216,
601587,
245040,
1107834,
540392,
1055264,
113675,
964812,
795708,
1184158,
134209,
880696,
1032606,
27213,
672224,
968341,
442905,
1071355,
120277,
96302,
339488,
85955,
564647,
157965,
86221,
64341,
1030979,
1187362,
809055,
425481,
1176095,
527314,
107091,
401913,
1041555,
701974,
317356,
625855,
309305,
491895,
425080,
366708,
1096279,
326890,
1083947,
368062,
758961,
1199426,
114943,
217912,
219996,
1020562,
235619,
401362,
1124252,
381930,
514166,
350333,
563211,
9264,
246713,
302874,
842663,
661109,
900984,
343919,
337080,
670058,
347610,
228320,
938420,
117413,
1083606,
418863,
471568,
366868,
554419,
408522,
1060971,
466846,
41026,
702933,
606751,
141562,
930562,
114783,
306799,
118707,
539520,
568932,
448134,
693800,
235484,
1051687,
442598,
786105,
794075,
1189336,
114809,
1098139,
1127230,
416305,
471169,
882631,
90497,
662527,
165373,
501120,
392551,
419323,
304458,
610439,
340720,
1093799,
1162994,
1084420,
79978,
854297,
900737,
668924,
767041,
379186,
579175,
755070,
462055,
756000,
236038,
46692,
1009047,
308090,
640109,
948019,
493476,
731029,
512375,
188786,
672476,
462225,
914090,
603721,
216316,
552728,
367672,
640621,
1198852,
947000,
506755,
357740,
667248,
467051,
916003,
47459,
189344,
447255,
144138,
780250,
1144773,
1006539,
466181,
1193139,
13803,
770997,
875738,
951507,
54460,
638462,
421479,
587864,
252643,
1183937,
1045566,
808842,
401388,
472585,
598888,
204677,
10090,
813851,
974503,
966418,
249086,
576317,
78592,
1015732,
139287,
477346,
854857,
835022,
622321,
22951,
1070188,
875671,
572565,
675851,
1124762,
916747,
321975,
250992,
1185322,
482637,
250679,
1040384,
452161,
915775,
718270,
850627,
469416,
1143637,
723136,
512284,
483056,
1060195,
791210,
345144,
806999,
382413,
140453,
415416,
588277,
366545,
721000,
193815,
1101739,
1117700,
342392,
31482,
701027,
330159,
1061389,
263474,
575292,
1002844,
1190958,
606174,
926920,
986966,
253691,
579037,
195421,
1097376,
986121,
631563,
973438,
170721,
422657,
207550,
746266,
896473,
794341,
665034,
395819,
1028279,
811519,
1117365,
560724,
667693,
856507,
1090584,
785851,
67271,
411012,
213060,
733993,
305794,
870329,
1185161,
66868,
296338,
262166,
46380,
555308,
36559,
16515,
882244,
464807,
632270,
417056,
17614,
272867,
791756,
805120,
1052042,
775000,
771120,
21872,
294970,
1161101,
1003111,
98747,
624555,
1036831,
14345,
1005293,
1003315,
622793,
447480,
1032702,
117302,
305431,
436403,
934611,
569005,
1028,
1198627,
461838,
150016,
1090785,
994075,
376635,
632993,
1020150,
110126,
218769,
86043,
237032,
446203,
683656,
329756,
255041,
900265,
100582,
552515,
578408,
802058,
509103,
849763,
433722,
20725,
193842,
999339,
158422,
596461,
1074776,
901626,
234797,
436040,
1081941,
504831,
897808,
298467,
1022789,
291150,
483878,
1030418,
1110775,
1099423,
1125216,
1017238,
276092,
518520,
454693,
767328,
819005,
1167679,
887851,
724820,
906810,
34825,
1156773,
26315,
72361,
1197653,
956161,
420015,
757148,
253528,
83139,
607498,
501089,
498266,
1068750,
286518,
232588,
868109,
916779,
376964,
1077714,
371389,
976096,
552842,
876444,
308606,
1108370,
768463,
248275,
1069699,
939014,
545534,
783566,
1198428,
762591,
407311,
195506,
473066,
195941,
35312,
1170898,
963165,
701962,
937653,
1168047,
112913,
382482,
428215,
54422,
810381,
843507,
867160,
794883,
106139,
926378,
997714,
552869,
491284,
1106188,
86203,
59506,
1085686,
99116,
559033,
133723,
605346,
178327,
993566,
1019250,
180141,
457492,
539019,
273602,
331921,
467243,
477163,
829104,
170814,
837881,
712788,
313947,
476938,
1126277,
109526,
1029198,
610311,
724628,
322118,
748186,
875122,
436114,
120995,
352162,
495294,
1065478,
482247,
528770,
1070292,
133260,
19617,
890700,
1088071,
955845,
572833,
526583,
356361,
964904,
1092967,
736063,
223053,
909935,
1141135,
973434,
477505,
1142879,
315133,
321704,
647438,
102267,
691429,
1130831,
543253,
617039,
651437,
1155126,
588075,
201859,
705910,
521420,
33405,
1154810,
866356,
101302,
61337,
799063,
928853,
214717,
164481,
692847,
1149698,
885846,
755051,
160643,
448905,
1078342,
652081,
40640,
548986,
661798,
194424,
686223,
888358,
658592,
204641,
257059,
89325,
565783,
156708,
813827,
438048,
939873,
243990,
859610,
912246,
642001,
160892,
1193020,
371512,
567961,
957934,
490494,
860699,
411098,
754861,
1038068,
389550,
1075166,
932391,
939374,
1181165,
445293,
508970,
1062385,
824654,
269488,
829502,
496601,
615480,
198599,
1043280,
960705,
518501,
46098,
344086,
997999,
177128,
456166,
879862,
738671,
1023335,
1151090,
369672,
562157,
371159,
1027488,
321180,
830652,
216328,
1062307,
535432,
114004,
218123,
917504,
967598,
877383,
917572,
1016432,
425718,
391973,
817830,
144063,
1181987,
882752,
1003091,
1014810,
195469,
1125583,
258137,
811574,
521226,
1186095,
952217,
757740,
12708,
593488,
644758,
1037401,
649501,
912838,
570830,
1106313,
1043650,
718851,
232265,
1052207,
797302,
1131439,
539371,
939366,
274206,
1019908,
78544,
730904,
669908,
653714,
27856,
632457,
461444,
692966,
237049,
1090683,
847457,
741337,
1159227,
1113065,
677351,
924482,
754336,
876979,
498547,
512165,
428999,
603170,
63617,
631471,
690551,
1163252,
1035419,
236000,
140042,
1151526,
425898,
705594,
41780,
615466,
676834,
377315,
109098,
411715,
245293,
900599,
120681,
1094561,
178706,
438711,
134149,
708454,
1148138,
231334,
1065975,
396743,
738007,
434840,
302637,
64009,
644710,
1182521,
612528,
1019043,
55450,
940094,
577763,
991647,
1047420,
1014606,
275492,
1138849,
1022039,
1135596,
193536,
383362,
667887,
152848,
551195,
413658,
983838,
119811,
1183647,
108382,
187452,
1152958,
106105,
42902,
429063,
42879,
1169207,
820454,
252204,
1165674,
813277,
240033,
531352,
1126120,
260609,
962386,
951047,
976059,
13755,
665503,
257317,
907733,
437385,
549354,
395942,
471312,
1166317,
809627,
692165,
852715,
912482,
78406,
1059890,
679852,
7492,
71614,
766639,
1197286,
789023,
1032295,
1040035,
487950,
1184898,
241480,
1120180,
804020,
1134722,
1117083,
406088,
472508,
1092903,
716708,
434064,
349070,
603904,
308785,
361899,
108357,
362371,
507178,
391677,
80833,
1090188,
488781,
290360,
768670,
501222,
812775,
871155,
141336,
123876,
114696,
732492,
36364,
210626,
1011607,
1013986,
1103252,
769815,
821010,
768947,
812806,
392718,
971937,
903580,
875918,
94652,
625932,
537986,
1103442,
371384,
218707,
827115,
200332,
395843,
1168161,
996314,
405234,
254292,
800176,
335184,
791955,
336345,
414350,
121357,
107503,
844183,
148539,
960577,
77675,
966148,
484170,
637054,
719461,
217381,
288510,
857967,
617689,
805250,
334348,
805381,
1065141,
435080,
846031,
320659,
541066,
583299,
753024,
1149926,
596482,
1021032,
768612,
921870,
1127484,
740694,
90884,
660974,
19977,
80448,
785071,
576204,
189775,
145452,
508473,
986194,
744715,
447983,
12636,
421906,
1126968,
799340,
774461,
458426,
46551,
101703,
795061,
137919,
377952,
929691,
951772,
916775,
257962,
1035816,
827363,
25338,
873796,
237999,
273322,
1029519,
1171450,
493808,
890598,
922689,
1112728,
795786,
1113747,
80192,
225490,
519181,
613516,
418058,
635010,
325213,
938922,
595851,
867698,
204801,
655379,
230108,
620444,
381002,
693233,
162467,
151120,
1190989,
856462,
515318,
933618,
407515,
1109830,
1124371,
1019633,
881904,
736285,
345342,
490599,
707867,
366089,
868257,
686620,
204984,
464354,
972664,
34549,
240082,
1670,
650764,
201178,
109524,
877409,
30639,
1180231,
499904,
170552,
842292,
53408,
161336,
865223,
952438,
1109241,
158130,
1132012,
26831,
576890,
320040,
1188263,
835378,
28306,
616216,
870681,
188846,
266613,
4915,
1023345,
830035,
361683,
14921,
588942,
254283,
48864,
1083009,
863852,
645065,
188582,
711199,
819737,
984019,
175718,
148401,
132016,
662313,
337372,
726582,
367441,
155629,
57284,
58862,
33754,
256570,
7983,
456689,
415101,
284888,
982566,
550250,
257378,
344076,
677825,
617176,
503694,
260912,
479855,
1018576,
856520,
1171758,
797983,
272666,
713997,
264908,
603221,
52111,
900201,
654972,
328110,
1195299,
709984,
102734,
896027,
873476,
985287,
55680,
602572,
700849,
656912,
1118316,
738684,
34776,
940312,
535796,
472270,
30555,
582744,
782660,
215701,
433963,
230183,
295413,
1095603,
386778,
589118,
134423,
594137,
686751,
655906,
1078813,
698455,
814664,
423782,
596895,
805487,
663611,
175686,
30803,
1024109,
166124,
928306,
759828,
232212,
744718,
903590,
770714,
476064,
786432,
116472,
641737,
542047,
1159085,
717376,
401656,
322140,
776531,
1059966,
845170,
219199,
295972,
410384,
574417,
375322,
941436,
1125064,
1012406,
873375,
1184821,
681749,
294285,
850204,
442772,
919021,
194561,
475202,
1166061,
562028,
1131397,
80511,
570821,
834450,
130138,
925788,
18053,
912120,
63097,
392186,
1007301,
1195296,
105182,
849954,
692555,
366459,
107347,
202591,
1132769,
130574,
919153,
223546,
1082249,
922463,
1155455,
210849,
649215,
969058,
18256,
174976,
860467,
581334,
205615,
1053411,
214553,
889153,
127721,
146660,
1013510,
1121303,
1113101,
738014,
1051862,
665625,
75073,
1173913,
1099587,
157789,
781881,
25049,
1159423,
563937,
952897,
975102,
337037,
414141,
97469,
1058340,
57575,
539985,
265225,
582510,
540873,
1069535,
650786,
896862,
15059,
1155720,
687729,
92895,
251078,
531905,
853238,
902636,
79856,
972311,
593500,
460368,
230228,
1122538,
404060,
171733,
1169349,
92094,
335552,
993806,
138842,
367312,
959838,
741032,
1033173,
524739,
974205,
332043,
197528,
31925,
1074727,
781128,
166022,
724973,
90850,
392625,
806775,
194940,
161174,
109266,
1029347,
396261,
1118711,
884688,
765786,
482155,
923735,
102870,
1082779,
138332,
152490,
1146609,
1095709,
1045245,
942034,
404266,
557185,
516382,
841346,
16092,
967376,
1027442,
481710,
873954,
140794,
63776,
448813,
650502,
110979,
61549,
926921,
220063,
1053938,
1011910,
232323,
727490,
796208,
879823,
1111613,
842708,
654422,
280539,
921752,
178227,
353435,
443133,
1162246,
580279,
284647,
953011,
640887,
885745,
1167899,
204739,
316523,
780236,
770210,
927387,
1099903,
803715,
765986,
811650,
1129680,
1069028,
641105,
799141,
768637,
18783,
833380,
181484,
1147720,
655485,
997675,
718307,
28055,
1372,
662764,
546972,
1139036,
1037202,
901982,
663178,
678391,
136561,
1026530,
1060982,
227453,
559264,
1050863,
1133260,
709133,
1157596,
424003,
84746,
427949,
25494,
435637,
869713,
845764,
673867,
1017353,
574911,
525004,
399379,
45082,
765778,
567342,
938301,
406114,
239768,
748023,
50609,
1130700,
231592,
689973,
544660,
757202,
4320,
971808,
707552,
30984,
59097,
876579,
553193,
1008585,
636752,
1065643,
190425,
700680,
384728,
436064,
115524,
951622,
807318,
56927,
870590,
688902,
732885,
941740,
1154219,
784819,
446956,
330432,
756136,
937182,
548656,
861181,
1182555,
437013,
757652,
434874,
679928,
166700,
1136439,
929804,
427992,
1015670,
918009,
1028681,
955655,
306259,
609557,
140949,
38535,
1105119,
860310,
670226,
726355,
653254,
96664,
619227,
1158109,
713946,
710031,
975621,
39517,
121520,
1008752,
63391,
727242,
478192,
563803,
461042,
1142036,
817915,
454825,
144655,
1085951,
444080,
131151,
1111090,
13862,
732719,
1067185,
329240,
78665,
889318,
658353,
1040428,
4298,
614298,
905214,
527975,
1193555,
1033970,
323839,
55221,
1180179,
112503,
1025541,
544553,
1151328,
596383,
1053708,
1083111,
496086,
628068,
905248,
1165448,
1060459,
34133,
572365,
1087118,
658638,
901589,
1098054,
987846,
144315,
960449,
638663,
434421,
1190880,
424844,
867347,
997096,
565259,
613137,
464750,
129024,
640103,
406113,
753556,
902735,
681533,
333784,
573239,
350569,
1006329,
288280,
1076154,
199128,
615532,
94153,
1112209,
209576,
1123316,
172504,
305173,
17015,
406352,
815892,
769176,
940137,
796687,
1178557,
951129,
791265,
35116,
169040,
390885,
1124748,
193257,
1092173,
6800,
991245,
972014,
251789,
948452,
957608,
303281,
529840,
1157669,
1190415,
200701,
1035065,
1016018,
933799,
976136,
235256,
23598,
918362,
417204,
569900,
878345,
532493,
621764,
172043,
989937,
1057972,
238592,
466362,
769113,
1092808,
2833,
30680,
213648,
606119,
819235,
757366,
767712,
545897,
954093,
1051097,
364535,
387936,
1005983,
1062003,
326400,
1177089,
913765,
614644,
139764,
940332,
891564,
327035,
1011352,
1185069,
909262,
1178847,
68786,
801571,
474846,
320200,
34864,
1019994,
148109,
321867,
619678,
769885,
1187384,
625725,
875348,
1190360,
125143,
113393,
51734,
308248,
810653,
424578,
745462,
411797,
161485,
386026,
302671,
607230,
662265,
14167,
1126645,
689317,
86940,
309660,
142651,
718109,
564338,
81650,
1003115,
363424,
297557,
1154264,
305113,
921231,
880816,
164756,
948518,
348165,
435101,
26479,
440580,
1064011,
1156145,
440608,
498333,
31911,
261077,
992916,
464600,
890149,
50716,
538222,
660214,
348983,
58686,
497298,
392677,
1002160,
73475,
509907,
939988,
579227,
405530,
1142364,
1059985,
1010569,
382034,
960848,
901893,
476158,
996148,
860817,
642348,
265766,
639898,
1107984,
126324,
1025225,
330928,
1004006,
446207,
483029,
1069817,
215291,
1096567,
930499,
803026,
86247,
1108868,
1028204,
230487,
273420,
1191404,
654908,
1182609,
411752,
302522,
14989,
238209,
547708,
863472,
1090079,
65745,
811960,
1193505,
962573,
333580,
250561,
840648,
230718,
552685,
841835,
211211,
407497,
1107327,
862446,
786959,
582184,
29593,
282010,
232365,
1074004,
209068,
750572,
4062,
551482,
464920,
55247,
468661,
986852,
682309,
7230,
904003,
1095902,
361550,
577747,
766588,
1189971,
760018,
118104,
1991,
490625,
670307,
1107391,
335644,
857257,
461336,
548626,
123156,
231211,
92,
792598,
1072945,
617517,
282473,
673027,
402380,
124621,
393860,
978925,
420689,
231075,
951535,
1162327,
1198621,
843450,
954955,
813302,
972336,
861187,
919262,
223381,
670237,
373587,
246910,
148126,
84929,
721690,
615317,
747033,
1124849,
753965,
1134622,
136539,
417967,
698178,
1176746,
306211,
97826,
679600,
272855,
832179,
573834,
373591,
129607,
495091,
509030,
44295,
925404,
960657,
587623,
186668,
239294,
163507,
243044,
662774,
481428,
614114,
805598,
346217,
846704,
467206,
444451,
24509,
714882,
359779,
3798,
984608,
190376,
890813,
207726,
1120598,
4576,
222760,
1006066,
1183707,
1014501,
459894,
831568,
239894,
595265,
142682,
1131360,
507676,
628044,
285400,
448686,
1190236,
1174512,
1105306,
79917,
1050724,
389021,
712764,
814468,
623751,
175757,
1069770,
1056441,
580267,
957290,
161256,
377734,
1060099,
55977,
355198,
1141318,
807387,
423087,
930148,
895525,
281096,
964219,
369172,
431918,
715033,
244473,
575304,
1048263,
1017430,
31285,
120608,
17979,
765360,
67967,
689382,
62509,
1087292,
790172,
789419,
208079,
187400,
251295,
221217,
332088,
783870,
209530,
243554,
70919,
49131,
261884,
632469,
242955,
717065,
655894,
1129398,
115649,
401158,
932675,
408173,
233674,
23863,
207002,
135732,
856214,
990325,
1065537,
274599,
661722,
739277,
5418,
484557,
604571,
418956,
903447,
961092,
859108,
54385,
911067,
636470,
41489,
16851,
219883,
1018973,
1073908,
421606,
1020606,
146883,
340364,
443677,
1123540,
277872,
408782,
1162269,
202554,
111126,
353033,
730094,
588383,
713880,
902097,
1149425,
413831,
468148,
719277,
879348,
412620,
291,
549105,
369535,
620800,
1010323,
251481,
1160025,
506034,
1031108,
574172,
1048329,
323892,
61856,
902310,
851665,
147849,
859208,
887069,
851936,
532939,
828329,
957401,
466254,
7329,
378928,
331730,
399181,
186158,
41641,
706703,
1136518,
1088231,
640777,
585048,
31418,
494820,
891323,
1077425,
346222,
367318,
476968,
765126,
58942,
169760,
898025,
284143,
1036288,
1116041,
253604,
1153488,
1056841,
404125,
541041,
189693,
845791,
637256,
1028378,
1109979,
827893,
802814,
296456,
689029,
1167453,
698258,
954066,
430032,
730105,
810633,
283637,
732359,
1033678,
584156,
504379,
138109,
521812,
53467,
846594,
998819,
214199,
460882,
62151,
641479,
673398,
41894,
532852,
263527,
994906,
974869,
387677,
588874,
503316,
2105,
52165,
4444,
450161,
1041667,
567766,
338183,
144263,
1071103,
453690,
419212,
882859,
645424,
1145324,
124501,
783118,
492011,
846806,
732426,
429348,
880739,
1012838,
237475,
120110,
520930,
818095,
136300,
696529,
1191704,
1198407,
704881,
1092777,
364994,
366674,
659882,
699873,
34170,
826531,
638971,
303119,
187135,
879579,
978687,
179749,
957193,
471213,
301584,
688180,
368609,
619007,
365639,
41407,
780746,
669687,
636866,
1067427,
871152,
458628,
552168,
89432,
867003,
646846,
988665,
1027170,
189891,
657917,
310474,
511971,
801886,
475620,
1092106,
944551,
1141055,
852812,
622892,
458896,
606688,
563496,
577887,
349312,
694737,
148673,
61539,
1075776,
940819,
856681,
799673,
117170,
242242,
1118066,
562231,
399225,
39687,
427880,
1128341,
1675,
1082335,
75639,
1075472,
298116,
886203,
545021,
386401,
15456,
521346,
335168,
140235,
94313,
179636,
574833,
253703,
430154,
35313,
390106,
945076,
359853,
110921,
74155,
765355,
917669,
37344,
414781,
1047454,
46472,
81983,
154253,
574755,
385836,
17468,
320104,
426624,
805708,
255937,
597274,
1194746,
927129,
868702,
131246,
46185,
242377,
958833,
291090,
950666,
664677,
1088255,
580871,
895375,
1191832,
1119244,
1166180,
946224,
640832,
994462,
1139761,
318297,
593986,
82682,
634788,
710127,
462298,
426054,
861863,
747150,
890782,
244384,
1052025,
343457,
566927,
417262,
1070972,
1095848,
463750,
78662,
960647,
92137,
174227,
288630,
645956,
808114,
562744,
257893,
333946,
246179,
750230,
140466,
51640,
377291,
1018619,
142217,
907073,
347884,
493754,
528984,
612812,
816192,
833045,
917699,
1135289,
706897,
430499,
437488,
702244,
1122877,
543025,
615874,
349760,
322454,
826040,
825357,
1070044,
166478,
182359,
369595,
1160980,
174309,
257198,
197903,
103162,
745520,
908016,
537760,
1181247,
931187,
527380,
263341,
853678,
583667,
380498,
691092,
930638,
102641,
372481,
221230,
102438,
103609,
1197446,
673892,
664000,
1193891,
650929,
780869,
609245,
1092765,
424498,
432962,
676304,
242485,
263177,
720913,
352588,
205621,
76893,
656406,
1166547,
491631,
638019,
941031,
691021,
473040,
753015,
179309,
1159964,
449515,
313000,
174347,
460202,
383075,
1074845,
521852,
546781,
728383,
307273,
473209,
878952,
639197,
529477,
666795,
499401,
127886,
637069,
1102092,
414670,
70237,
1025135,
1109669,
592698,
294229,
293779,
457958,
896920,
112900,
666139,
1164835,
175021,
487019,
671800,
485412,
733143,
1030330,
1140482,
1097728,
104030,
941901,
841494,
93378,
9846,
899067,
720201,
632749,
277361,
42292,
380825,
848049,
607869,
438853,
549237,
1031784,
793015,
57652,
676654,
381393,
222694,
460583,
535221,
921439,
811043,
491139,
881621,
983202,
522011,
510170,
153457,
818613,
466761,
730370,
124326,
641594,
958645,
211349,
863244,
283484,
443759,
15323,
810491,
1053549,
1118812,
385721,
675291,
965157,
75454,
1112974,
1155746,
619330,
31719,
863150,
591861,
90652,
288295,
501650,
971590,
1037758,
354157,
225435,
255395,
723192,
1057403,
1006875,
68079,
633134,
627443,
265138,
409000,
276815,
443430,
583390,
957828,
518961,
341144,
909316,
29910,
1105862,
410887,
37457,
341193,
899769,
36963,
782500,
987188,
633257,
655601,
551575,
1062261,
416708,
937299,
595016,
622491,
1098716,
1179101,
807960,
1128177,
444090,
140540,
758131,
976599,
899719,
55007,
483022,
639890,
146114,
432666,
416737,
766635,
1064771,
736680,
1010224,
1141257,
635551,
60548,
18075,
94271,
1134296,
43283,
1120602,
160878,
47906,
792533,
667875,
142004,
535809,
906251,
209178,
718604,
1168211,
760412,
807600,
981780,
1037554,
965431,
851832,
429831,
174499,
1172126,
936581,
268574,
569194,
868987,
517976,
954260,
1112039,
521520,
822823,
409064,
24942,
1187617,
990747,
829583,
566132,
1052196,
65635,
103888,
690780,
700153,
1042438,
962184,
662989,
644855,
476821,
482405,
576828,
552334,
481175,
660376,
640976,
79460,
1159491,
45196,
462890,
1164462,
210890,
1191275,
432779,
1125160,
692316,
957105,
783816,
814082,
199712,
1055177,
518190,
880312,
492977,
620683,
130488,
1153474,
291804,
841929,
92190,
1149169,
728006,
384105,
127761,
787392,
923816,
112199,
170612,
348295,
656578,
901042,
259272,
53508,
1147890,
965607,
647374,
851262,
1103120,
805711,
1110287,
1155587,
441876,
1058196,
249013,
562103,
458757,
374203,
184572,
533941,
638719,
725456,
963379,
565564,
138307,
219815,
635973,
627558,
223409,
972803,
364951,
54555,
872525,
162983,
161367,
188964,
1197100,
587039,
907076,
375449,
698626,
945710,
968062,
46562,
378470,
549676,
377281,
764768,
842765,
929941,
158195,
1168498,
730892,
1123829,
680101,
792208,
911590,
549139,
1163272,
372469,
546796,
650528,
57045,
77952,
709161,
852304,
203723,
219340,
129276,
797563,
41176,
565959,
672263,
949716,
117343,
343913,
384211,
141401,
488660,
802077,
1057748,
804914,
12877,
739551,
415145,
803437,
983038,
792034,
1133353,
1154157,
1110618,
630544,
521885,
1017418,
455484,
209505,
279199,
928995,
137496,
762930,
884194,
496703,
828770,
140716,
305037,
735355,
590318,
999399,
350428,
233492,
705771,
649794,
758660,
791160,
324572,
1109466,
154791,
872971,
338541,
994758,
355677,
855956,
701673,
217512,
1006324,
718076,
221752,
1150694,
850813,
968218,
760506,
257651,
8515,
669608,
158292,
965590,
971240,
780587,
333191,
1154273,
1030511,
59687,
37888,
1148938,
1046628,
515953,
272355,
434169,
1014698,
230739,
71048,
1139290,
1015938,
524171,
387322,
157045,
551308,
677381,
711870,
553173,
116295,
682170,
166114,
986468,
936689,
324152,
811982,
1058777,
1029971,
1116418,
119479,
929710,
893133,
789512,
178113,
817578,
221573,
362518,
731973,
182341,
1055928,
443828,
218757,
805786,
107901,
363860,
841911,
809860,
606750,
1051844,
1114007,
810325,
585464,
672344,
813695,
260449,
814749,
659293,
577278,
617359,
125961,
755457,
1172164,
95338,
302710,
792498,
357889,
1177136,
529817,
430072,
674574,
443602,
1188724,
536942,
339812,
1040205,
1196967,
1144854,
1185230,
650837,
1018924,
668664,
473591,
873321,
107397,
1132873,
412902,
5051,
92513,
213405,
657857,
739946,
184938,
990105,
238456,
20401,
781324,
154491,
797290,
282750,
1179213,
132892,
789692,
370791,
757083,
232903,
595684,
894546,
1158922,
293095,
577406,
475364,
968811,
651649,
1042278,
304252,
209115,
733691,
137581,
627429,
130833,
715377,
644574,
1163690,
903647,
980046,
728385,
4636,
1067220,
163355,
1161084,
756080,
18919,
194475,
27662,
1109393,
857941,
855478,
765869,
120908,
241137,
1072593,
296099,
161458,
199617,
443044,
731050,
501663,
261552,
1081607,
815044,
376985,
1034649,
61624,
439308,
292767,
965265,
1061292,
788031,
153757,
848730,
790884,
863368,
643977,
270666,
170527,
954322,
303913,
1058840,
827791,
840362,
1198142,
614531,
951430,
650307,
922796,
1181151,
327317,
203035,
801234,
696875,
689360,
851495,
1192155,
219039,
530067,
970419,
689480,
652544,
351435,
455625,
913308,
245387,
906249,
832187,
275886,
497624,
789222,
978489,
785390,
867948,
408873,
1163505,
212111,
333335,
104907,
463399,
145558,
410166,
407595,
790073,
420474,
674035,
194785,
579946,
96283,
614479,
336003,
1024601,
1049476,
470032,
252712,
1014761,
792905,
708543,
1101594,
277197,
497411,
851450,
1027219,
29845,
359992,
692605,
950370,
484605,
570909,
1063496,
842942,
116494,
628119,
375454,
529205,
418541,
812346,
438764,
187905,
750563,
1061239,
1161778,
386523,
550743,
1176041,
602125,
914847,
1050678,
160919,
632566,
1194658,
1187533,
1092176,
127588,
30887,
706934,
935552,
949313,
1072293,
849801,
1029710,
1102258,
336491,
1024193,
158999,
294938,
686190,
735479,
558583,
1132957,
366333,
425274,
969226,
229847,
586535,
154789,
1101801,
647306,
337997,
772853,
576319,
493322,
915225,
884224,
249521,
635014,
959212,
1066525,
1174213,
1035063,
563503,
304897,
968977,
963316,
943264,
363550,
1064973,
194874,
732823,
1054546,
591575,
683990,
1079243,
1045093,
613896,
386439,
844913,
686690,
743700,
484852,
326424,
1090319,
818428,
1066900,
1018067,
504735,
1113603,
9102,
599452,
57746,
944624,
88914,
298392,
906356,
62253,
312030,
910000,
475380,
61758,
787306,
181024,
998417,
152186,
1020005,
151953,
156313,
635939,
292071,
903289,
947865,
618873,
527486,
147885,
41403,
1013028,
936999,
62512,
162942,
826681,
518854,
904825,
282113,
931071,
417361,
1112401,
979962,
314357,
369708,
819195,
923911,
1035568,
886776,
678192,
838287,
177028,
1170550,
299218,
1143933,
196189,
762748,
1155260,
362344,
286012,
960294,
904487,
22001,
59231,
72000,
820267,
469585,
969134,
307754,
764654,
1050334,
959562,
1081657,
655801,
199246,
1163590,
365963,
373021,
1061491,
1003862,
870146,
1121157,
273018,
255606,
1083644,
18671,
723392,
443831,
168050,
345978,
327843,
615869,
691405,
406037,
944139,
277850,
1016516,
460056,
1021227,
623482,
678205,
200388,
911000,
710658,
1111916,
82412,
825076,
161655,
404385,
1195968,
559423,
1004811,
116989,
500329,
865553,
473804,
501214,
807058,
178110,
1101864,
205715,
757775,
530538,
582900,
211500,
922951,
994265,
1005942,
36995,
194010,
196945,
329094,
107716,
304085,
68289,
960384,
316432,
617150,
105763,
712483,
1174936,
43617,
26689,
487146,
858075,
1169820,
252062,
792023,
418958,
835115,
1014617,
1079166,
713395,
163102,
436609,
616618,
664247,
652042,
135355,
169288,
7496,
184410,
1059376,
939548,
840048,
869861,
893747,
90075,
170155,
1089657,
480460,
187475,
371630,
332706,
474744,
1069257,
705644,
660469,
121487,
407472,
465441,
835709,
1003265,
796982,
917811,
183493,
324129,
916261,
987134,
700289,
994537,
538173,
486875,
285605,
908096,
1134423,
589066,
756590,
384340,
933493,
719692,
771820,
488518,
30979,
404124,
739327,
711880,
126659,
1005092,
671664,
1065634,
966449,
818726,
71200,
1094804,
541519,
1126499,
479284,
265333,
425044,
1194516,
429423,
70014,
255254,
512581,
491055,
419589,
480415,
347597,
271733,
1102506,
320815,
682496,
708513,
324490,
960639,
791397,
952353,
282240,
334869,
688784,
215565,
1196035,
271197,
168477,
826753,
1086416,
583752,
201804,
194176,
853569,
656041,
553310,
954036,
631005,
592240,
939908,
428984,
1000053,
1112239,
291854,
1037240,
307751,
461902,
538785,
1103184,
1148934,
84091,
563144,
385516,
371360,
887995,
561895,
633482,
984174,
563292,
1094338,
871482,
583127,
528089,
1033591,
358720,
976235,
1135084,
1099652,
448684,
638718,
756619,
1133882,
883448,
636071,
362680,
305085,
448543,
659846,
454474,
979054,
984606,
442036,
888456,
172652,
478902,
509925,
493537,
378036,
1196506,
739635,
976888,
572710,
952579,
1139921,
679186,
65908,
617390,
554947,
435091,
123790,
246523,
1072921,
167457,
52507,
989919,
334117,
1170845,
378464,
479334,
373552,
70043,
523065,
210577,
295436,
259033,
1178149,
357036,
988864,
440891,
659470,
99061,
297719,
387237,
395364,
553039,
418401,
710926,
870751,
705443,
942340,
323889,
496674,
962292,
599432,
72144,
1188148,
598958,
846659,
825319,
495453,
924340,
414679,
886726,
96963,
234820,
1182437,
729787,
942408,
225456,
644193,
1009008,
32038,
337750,
921968,
641019,
1133236,
647089,
926102,
383214,
300353,
215946,
237443,
259551,
1118134,
648170,
700709,
167078,
914570,
795407,
802068,
66258,
1108659,
1035536,
109507,
766106,
553682,
465347,
792354,
1083153,
989317,
298607,
90848,
43481,
1020431,
1128383,
486355,
87304,
240208,
11739,
245793,
572445,
150802,
183733,
894649,
688511,
355454,
82219,
735159,
113772,
701012,
362646,
861904,
844991,
511538,
443751,
323368,
1179624,
210904,
574280,
984453,
719374,
1176009,
182486,
560698,
168742,
1142531,
1039500,
708056,
390708,
1006786,
342935,
393367,
1057899,
389134,
566180,
827019,
212422,
792065,
415227,
180472,
632245,
524886,
1086920,
995504,
510221,
419384,
311659,
1039641,
311225,
176259,
1040807,
1036584,
536548,
178010,
508314,
427978,
700352,
987959,
1063311,
311604,
39597,
1033898,
615189,
1070478,
646981,
307741,
446030,
477667,
5898,
1125578,
533982,
901491,
314804,
901226,
858885,
574733,
157836,
1182870,
635675,
74257,
173944,
203747,
335982,
1188651,
91871,
898722,
277588,
788020,
1141890,
801348,
253625,
885478,
524122,
525983,
1062064,
1069768,
1052631,
86994,
528820,
250659,
538584,
317574,
1004361,
296067,
556676,
983132,
1149876,
1105935,
1110630,
669435,
1044270,
124184,
1105760,
610145,
847083,
534869,
41088,
838002,
575057,
900635,
647611,
979578,
123354,
1023280,
394802,
743980,
1087971,
787605,
243991,
998083,
300518,
395758,
102913,
801731,
1112698,
358812,
55946,
1105238,
850140,
121525,
110970,
653887,
1084922,
14401,
774926,
1049892,
243872,
66881,
193334,
175094,
634748,
406020,
474534,
228251,
876549,
344512,
652753,
967801,
312794,
833392,
646665,
315888,
549007,
939377,
838602,
1123380,
512692,
743361,
922088,
1006883,
638517,
1048308,
466854,
583817,
1189213,
838637,
345475,
1075543,
194407,
212835,
1055297,
731300,
460737,
1129610,
1130618,
788092,
1153646,
149341,
234046,
282129,
314378,
553715,
150232,
700857,
762640,
679889,
701254,
11741,
956548,
607539,
381076,
819430,
457097,
774319,
734126,
846952,
74706,
291720,
1036238,
11933,
1055593,
116238,
323399,
696488,
806025,
463821,
168434,
424753,
1096602,
973729,
94344,
175850,
323720,
607293,
76772,
72313,
918214,
715942,
598299,
62609,
1011285,
944909,
693685,
963476,
912850,
301652,
115109,
758006,
926230,
389289,
178107,
399570,
430305,
76899,
849071,
778152,
1091965,
249985,
1146761,
1067795,
603336,
301281,
329792,
1162663,
284495,
905288,
32208,
1148201,
19883,
488669,
674783,
815387,
1098730,
627102,
789936,
1175113,
326137,
452257,
196007,
56734,
606839,
612576,
841882,
850143,
1062648,
625637,
460179,
962034,
1020406,
983147,
669858,
183176,
725917,
315358,
832637,
1139213,
1050375,
1164794,
383322,
721780,
1073533,
1109906,
940561,
344967,
603499,
602897,
900168,
1128253,
1101076,
846577,
522043,
801489,
477025,
642040,
57704,
666862,
492312,
131290,
103396,
295875,
178012,
77354,
924381,
584850,
626756,
1162605,
486579,
1189070,
819866,
550536,
117839,
721681,
252777,
159743,
1001793,
866806,
754701,
762959,
204584,
562514,
89985,
712327,
754752,
1050842,
93124,
218020,
69710,
172546,
1177266,
539713,
318487,
718866,
22743,
613353,
267795,
199389,
722816,
951766,
272826,
832261,
424332,
502313,
247862,
597551,
564348,
377652,
607357,
1035465,
195070,
523658,
98705,
644619,
279502,
911303,
89481,
226429,
863878,
423738,
208292,
576269,
1167269,
638386,
818295,
431626,
209484,
861526,
361333,
484899,
9824,
321349,
119810,
601794,
263411,
362684,
587432,
293938,
286261,
786123,
774056,
279358,
394382,
1165564,
419710,
601086,
658596,
240746,
27670,
734121,
1001675,
640987,
51396,
552338,
414638,
863785,
563107,
652277,
826616,
1131985,
855202,
1058072,
721181,
1039893,
725511,
649648,
334716,
277001,
439525,
822228,
1100300,
619290,
527950,
625120,
133722,
41307,
287449,
114254,
147483,
226869,
1138937,
429841,
516496,
21354,
769543,
123701,
257808,
910236,
62645,
1026145,
1114320,
1102326,
352850,
1041059,
745366,
973447,
213157,
180660,
487892,
16099,
708437,
335839,
420616,
974392,
1106044,
865830,
1103066,
151418,
156114,
271473,
376006,
371970,
163127,
843826,
1076020,
725851,
191986,
585566,
341681,
581123,
466355,
983373,
58940,
1057320,
470344,
212216,
343004,
483358,
109021,
487817,
692876,
1155530,
947851,
1101983,
544403,
731803,
294291,
846093,
54238,
680550,
878555,
714269,
768270,
722737,
256375,
180315,
789551,
1146665,
118489,
868588,
978973,
1146005,
530007,
1137944,
432900,
530322,
1175264,
918140,
1142921,
848867,
181762,
372836,
978178,
176081,
1095862,
269360,
645321,
440342,
693683,
964053,
121360,
385890,
643460,
33083,
386126,
75077,
307028,
57373,
444513,
1003135,
709332,
370910,
999501,
71964,
469298,
255673,
744985,
108847,
162873,
678609,
469987,
881559,
827584,
50458,
1172285,
1117838,
49604,
1041591,
1196648,
397174,
1113995,
754397,
309309,
300188,
779486,
228865,
532428,
673366,
738768,
803556,
353002,
359366,
448752,
164377,
778659,
904896,
211613,
229876,
687223,
583562,
915986,
173166,
778414,
683966,
207526,
977025,
138294,
167028,
692173,
800866,
981110,
923995,
175461,
89682,
212742,
659302,
1176735,
1181010,
1162565,
863457,
595726,
1055317,
31593,
912119,
437520,
1153314,
1070868,
524745,
917679,
1000798,
600821,
397446,
914471,
836752,
616607,
956252,
892369,
985117,
598187,
1190361,
836063,
59725,
11186,
932510,
751898,
591833,
440622,
867818,
536349,
175754,
379463,
796193,
177934,
934346,
138015,
927267,
110229,
526998,
303223,
739871,
1070729,
850017,
1159137,
1179944,
1061816,
282948,
933391,
619828,
769660,
903305,
460751,
966426,
963197,
169174,
888890,
954012,
1083466,
1083804,
839849,
1181443,
654064,
759573,
775292,
251681,
989110,
706015,
366041,
122725,
41418,
942889,
688280,
804296,
827201,
702006,
173471,
1131737,
258309,
953954,
259406,
84651,
615016,
593358,
113945,
281988,
581815,
821984,
355395,
1147320,
194155,
775890,
287928,
856774,
773550,
920357,
962636,
1021967,
112869,
518383,
1162153,
680202,
55665,
934628,
767746,
897975,
96074,
380235,
636724,
492285,
81899,
814841,
519193,
565629,
30376,
1031459,
943708,
498599,
1097396,
31583,
583412,
59797,
681649,
754233,
819464,
518811,
547787,
788323,
1005740,
1050063,
143538,
281645,
662251,
405706,
1052700,
198085,
146375,
1171656,
170097,
533431,
1168896,
974979,
215944,
552915,
540569,
1056342,
618484,
80920,
738840,
848840,
734245,
894181,
982706,
1046808,
231789,
659800,
722744,
216051,
207116,
514810,
10007,
448095,
26079,
763240,
682008,
980838,
72662,
970023,
422096,
518442,
399556,
825489,
196581,
594782,
122348,
1068510,
949935,
394180,
73776,
678939,
794353,
1125620,
1190503,
929696,
148258,
855605,
413020,
104285,
90605,
321859,
371530,
694598,
1174783,
124077,
842600,
367658,
1124824,
114265,
228778,
1022700,
472655,
1051660,
1022242,
483179,
1192994,
790787,
918247,
916057,
841783,
233147,
536382,
527113,
1192039,
498872,
752801,
706834,
571470,
573369,
1160328,
855965,
590641,
48693,
412682,
825861,
773429,
829128,
1168208,
123202,
801845,
654657,
681729,
260730,
928282,
142265,
99191,
699689,
729166,
114132,
461369,
1007980,
959587,
339634,
119374,
1120948,
739459,
108121,
929225,
56711,
518246,
824622,
428849,
822494,
194361,
499236,
826481,
756194,
1155862,
699078,
28990,
232433,
709315,
676401,
916530,
528870,
295325,
829622,
629405,
367634,
1023850,
366836,
330034,
196844,
1118100,
392713,
279673,
423333,
834076,
370287,
382204,
886842,
124442,
544663,
488927,
60592,
573768,
709482,
1063322,
950976,
813425,
928204,
987292,
1019518,
758741,
1097835,
81150,
937678,
95022,
97288,
570767,
699026,
361773,
781545,
1054429,
656296,
1060693,
1152113,
233998,
856825,
445959,
744253,
172523,
662472,
318234,
2524,
278732,
836064,
835969,
444679,
1118247,
1071922,
894427,
712216,
865596,
439275,
234730,
727879,
752154,
757446,
1095924,
88748,
706435,
155367,
304982,
940820,
986378,
195157,
1056073,
300678,
423423,
959548,
427531,
1047048,
15893,
975830,
220119,
27341,
141720,
404884,
52788,
1046574,
178677,
916298,
653293,
1784,
1179547,
527747,
920233,
883617,
919355,
431997,
936314,
789942,
226989,
344919,
372426,
940473,
176417,
562479,
1037358,
790892,
660610,
503040,
1019688,
568099,
1083875,
640591,
599526,
657600,
363504,
248722,
291669,
351066,
189881,
900309,
101831,
1167948,
749297,
12288,
854979,
1000903,
636507,
492757,
584974,
381557,
180279,
904411,
255695,
60826,
474040,
815198,
228144,
499247,
284732,
303068,
140938,
489954,
989081,
10579,
213037,
292626,
86130,
292625,
376980,
874238,
706223,
1049141,
91025,
1058254,
1000307,
1115205,
57263,
186960,
3119,
865701,
755433,
595256,
407080,
62265,
1159981,
989252,
444782,
473572,
463877,
714536,
151868,
712525,
242854,
483992,
947085,
698457,
1146857,
874531,
376500,
1117344,
299872,
833622,
710723,
1190597,
134241,
629401,
837861,
1024729,
742841,
771153,
1032631,
438720,
490525,
1065720,
394726,
1071174,
356063,
939619,
868836,
727477,
1179479,
818322,
310900,
256744,
151960,
618622,
632240,
748588,
1196456,
566571,
585769,
69790,
951770,
990732,
425893,
357276,
114531,
259216,
410967,
532155,
529563,
495283,
198439,
1086904,
258560,
694091,
643655,
1017343,
969634,
853726,
719719,
101896,
127778,
466017,
521753,
757015,
82747,
1160894,
62238,
268778,
559748,
938121,
1124228,
288086,
1173441,
1002039,
1102546,
582039,
1042373,
1063200,
514032,
165977,
219107,
1046252,
48294,
392087,
507029,
910799,
754599,
73702,
874892,
86863,
471655,
1189390,
358126,
1126833,
862280,
149581,
469124,
1074330,
523963,
525840,
1165759,
369520,
627537,
266299,
73390,
908280,
695516,
760654,
892047,
718027,
361615,
127958,
93854,
397349,
1136781,
698880,
1170578,
710438,
1082782,
305069,
35491,
142865,
663504,
1151548,
529191,
61672,
812594,
335035,
136359,
179874,
473416,
56493,
66586,
366640,
51684,
974345,
882818,
675166,
174084,
539197,
1130009,
680148,
383294,
329180,
1108167,
484795,
415418,
331729,
415985,
385074,
1066057,
93560,
965758,
95571,
252142,
229730,
1056202,
449097,
787013,
110035,
580373,
542552,
826537,
1093929,
943835,
46526,
437044,
737990,
582505,
512621,
802924,
373531,
329146,
951272,
855651,
1157132,
891129,
1041317,
995834,
690562,
359612,
547935,
639644,
1048388,
610613,
388598,
197220,
1017501,
77076,
31057,
513712,
46396,
97414,
725658,
957237,
706533,
72575,
60407,
268855,
639082,
1089248,
276158,
1437,
106301,
786816,
694638,
347903,
344752,
479353,
881118,
453758,
664923,
490654,
802963,
1047131,
1087472,
901952,
516527,
9792,
1008116,
322360,
702754,
21528,
296820,
159641,
420468,
892091,
267573,
916159,
492395,
306213,
355929,
848823,
192147,
524623,
851637,
88174,
404570,
741733,
1037281,
1000341,
725368,
987797,
294172,
437882,
248417,
823175,
317052,
93749,
1176218,
750147,
257908,
404073,
486969,
1196598,
969958,
443984,
118987,
410453,
196316,
720515,
1058644,
639472,
1180168,
176250,
648455,
489583,
586169,
1024266,
72663,
936643,
255295,
915876,
472904,
917237,
1163195,
325872,
548736,
242265,
792513,
579935,
786971,
792170,
876552,
396875,
563668,
8330,
1094392,
924546,
999814,
726931,
345750,
22203,
184914,
909785,
1069683,
1126369,
801954,
770803,
327222,
910394,
674664,
403275,
945180,
1031985,
1036321,
762353,
387961,
944121,
248018,
422816,
1024574,
451574,
1178095,
588748,
911983,
637914,
812413,
638828,
15471,
424438,
19869,
354691,
977680,
1025682,
1139416,
1175666,
29537,
496705,
152545,
807076,
569156,
874588,
1081076,
901220,
858895,
409800,
829889,
685986,
499824,
1131181,
715150,
217351,
666657,
433559,
1185895,
860556,
326937,
967285,
925197,
916150,
694243,
903044,
587508,
914828,
720163,
656274,
544768,
545274,
712562,
1093570,
318067,
749326,
721110,
638106,
334779,
751145,
103662,
1071171,
2224,
818585,
359251,
447987,
306999,
721542,
1004325,
410688,
934321,
783146,
474866,
1066527,
1005280,
21698,
162169,
55280,
661351,
814946,
1057448,
946934,
181294,
953747,
879952,
390189,
548067,
862577,
1144916,
165356,
404739,
453620,
991455,
1145182,
643665,
213672,
914041,
700227,
158175,
512807,
700313,
447537,
205496,
391251,
495662,
871958,
1060712,
56943,
440621,
1072301,
746517,
630888,
639599,
473221,
186598,
65942,
996067,
243425,
361121,
852081,
768562,
789492,
1034189,
249869,
1036259,
209314,
340305,
401244,
990156,
559945,
298517,
39642,
140357,
972824,
309457,
250430,
1116888,
445738,
126522,
577497,
846978,
1055398,
670701,
259091,
624479,
667930,
385865,
263613,
1079368,
461740,
861298,
837314,
736549,
1055689,
116533,
1191116,
757497,
762281,
693810,
1125267,
897261,
221698,
273620,
212266,
934330,
162841,
545329,
535081,
1176570,
251516,
818590,
1090073,
74070,
462531,
162994,
1119605,
847772,
787542,
1125325,
29878,
427872,
777840,
509141,
995315,
603732,
103416,
78411,
1166716,
420800,
1076534,
537583,
719658,
142472,
1082115,
540993,
59684,
508183,
755351,
602223,
1005564,
624399,
760708,
537769,
1032425,
274636,
83973,
159902,
266511,
86392,
535758,
1118042,
185027,
100197,
504815,
583717,
949267,
69959,
942575,
532498,
452729,
539154,
863642,
776278,
1032483,
959418,
199890,
643306,
1073289,
682446,
1063476,
324261,
1072952,
744460,
1071074,
698198,
378596,
963684,
543810,
665944,
1127063,
899798,
335399,
780509,
721192,
1066186,
955860,
771032,
109798,
667724,
1084853,
72191,
1107110,
144265,
606335,
333675,
399414,
919395,
950971,
638905,
691356,
333264,
1074256,
1007843,
976071,
407737,
1192976,
451251,
248522,
213676,
1011836,
957883,
214641,
1099227,
389704,
642949,
479031,
992001,
999731,
355234,
1194076,
448347,
771520,
149526,
163738,
78123,
680756,
137805,
186710,
159182,
248379,
1097468,
813798,
1042525,
1092991,
742902,
175674,
1097545,
829908,
121185,
116823,
155621,
421576,
629047,
55907,
422493,
93772,
556360,
308250,
1083461,
707100,
246971,
129508,
190172,
499666,
136329,
568175,
865331,
226644,
1150774,
740399,
952275,
718110,
664046,
981765,
369142,
711758,
800619,
253119,
398666,
753648,
1022432,
1108935,
158956,
60784,
538956,
814268,
169059,
903917,
1101502,
895073,
996613,
681282,
65444,
713027,
936097,
763134,
559641,
765349,
232999,
1099063,
405262,
304495,
896969,
1174145,
800830,
48942,
366486,
112031,
482270,
1062726,
1154330,
8886,
797245,
338018,
842531,
795912,
1063624,
392032,
457163,
677609,
635345,
1180309,
961884,
1169244,
778032,
592812,
134755,
553613,
429467,
821399,
1120519,
199589,
602821,
1122329,
290963,
1183995,
12077,
1045325,
1109331,
319178,
715178,
480260,
684293,
490987,
224432,
82202,
113738,
928879,
984602,
143509,
122623,
1160426,
209794,
705280,
935013,
923661,
651478,
282903,
227860,
1130126,
552045,
467566,
1179093,
590009,
1175380,
346016,
496773,
592045,
217330,
294288,
41021,
763384,
79100,
200194,
631411,
133741,
808805,
174049,
930804,
112782,
1017087,
533265,
859682,
906910,
516202,
1196071,
582101,
812299,
303927,
223173,
260898,
563475,
676323,
369417,
1121405,
747692,
93153,
213654,
33718,
319432,
517642,
987347,
542274,
966757,
421455,
692685,
860826,
732202,
186625,
243336,
22216,
1003901,
777307,
621455,
1042938,
671674,
332087,
411734,
813017,
655918,
37568,
552113,
1087724,
1158199,
165482,
316952,
347859,
222773,
167628,
558408,
395095,
548491,
492033,
286989,
637493,
331365,
293846,
122424,
691490,
93806,
432102,
242202,
806652,
798865,
803632,
932154,
697562,
807936,
266198,
1099739,
780473,
111286,
705855,
286014,
745604,
6266,
850273,
1129781,
1030787,
747231,
862197,
233673,
630816,
520475,
268766,
1116091,
285426,
932873,
768785,
286159,
1001388,
480495,
1185564,
716075,
847066,
149391,
115367,
711370,
812079,
618112,
1095441,
336249,
255560,
375099,
624895,
284798,
159931,
1041140,
260125,
71307,
110011,
1109453,
1010343,
835970,
1132606,
1099987,
401323,
409702,
487635,
490370,
1165339,
1164720,
46990,
111133,
613410,
844415,
1162188,
380580,
448613,
1035162,
43346,
597000,
433781,
427312,
29657,
733101,
836880,
375360,
712243,
237576,
121313,
226814,
1157107,
107915,
354336,
690281,
181301,
378836,
728893,
1091702,
564629,
244687,
508454,
898911,
131855,
787244,
1018482,
667253,
261112,
480512,
1054489,
819063,
533652,
148305,
466319,
1073883,
673003,
863734,
458025,
59159,
33959,
690933,
640134,
1142189,
1094121,
535302,
347424,
527678,
803746,
76982,
140980,
935327,
806567,
1043322,
843677,
566512,
787547,
235539,
1106048,
953958,
120624,
217554,
716049,
596032,
1172755,
848241,
188861,
356841,
76780,
186127,
392858,
784785,
957243,
882905,
365794,
1047869,
882709,
243156,
288246,
757081,
294200,
43657,
659080,
503124,
775679,
349459,
527398,
535871,
1130708,
664549,
864908,
334082,
871210,
341430,
942734,
292697,
342982,
79345,
396960,
132685,
674413,
892340,
150351,
1147807,
438536,
426732,
699958,
201761,
848759,
1030188,
126782,
378423,
193767,
823830,
1024019,
120849,
167527,
1169513,
436,
952969,
277792,
179480,
1176812,
458650,
584992,
1013945,
772720,
194216,
237237,
858409,
354811,
162423,
623068,
656080,
240287,
19782,
498877,
189929,
360065,
492520,
1069549,
358942,
555299,
570584,
265825,
59203,
490689,
886869,
486578,
813446,
1017154,
402297,
950550,
683654,
366850,
893183,
153859,
487381,
123798,
271497,
182619,
1015860,
945964,
835257,
5708,
441275,
1069806,
379081,
838911,
602045,
121537,
206936,
685493,
88827,
975416,
826879,
452068,
5779,
1116623,
1080350,
886600,
103721,
579334,
1090122,
160872,
1085094,
1193129,
912334,
912655,
495140,
793503,
495535,
635670,
127851,
1027614,
1175737,
347773,
270725,
79087,
243775,
861835,
11645,
405452,
843261,
774883,
411458,
79888,
1177904,
555233,
584574,
473247,
417945,
438022,
406504,
1004629,
751945,
276625,
306233,
954914,
1097951,
1131304,
834596,
628142,
919394,
80068,
286083,
1173144,
191818,
327304,
1027871,
217067,
487834,
103700,
42009,
3376,
1065849,
411496,
908205,
57933,
1162572,
473054,
603641,
183394,
1188743,
154254,
330665,
685359,
296075,
258196,
664822,
248350,
606098,
273854,
932163,
303403,
705182,
1035410,
575751,
704165,
816479,
1102135,
234018,
432692,
975898,
308922,
1092571,
1061715,
585496,
365831,
240394,
708622,
1107317,
977706,
875660,
1076103,
652554,
255969,
971661,
377088,
865645,
269422,
335579,
355871,
57785,
21146,
733290,
1076489,
367083,
324399,
763540,
1016097,
1003092,
758794,
1014655,
103112,
966027,
636994,
415920,
926439,
347825,
569,
710301,
132714,
797661,
848608,
1147542,
825905,
72068,
594481,
804995,
204079,
242473,
290142,
814964,
323295,
436908,
805406,
117948,
198476,
723994,
552767,
915399,
813342,
154443,
1143695,
1111856,
1084856,
830400,
164549,
77311,
494030,
1002005,
236825,
1185333,
427288,
120509,
622980,
251089,
626872,
197632,
877851,
229323,
664107,
853593,
364406,
804364,
830204,
489544,
224111,
804908,
823042,
899603,
271769,
744871,
1138338,
526519,
711713,
607287,
709022,
1097567,
1198028,
820154,
935354,
48289,
751341,
122538,
331924,
525326,
909959,
194854,
6199,
111838,
1104375,
50174,
265787,
112766,
636574,
669169,
568315,
829833,
1191252,
461433,
89496,
40359,
142187,
756213,
975832,
744728,
851398,
345355,
1104074,
1075376,
395396,
894360,
552290,
174295,
556179,
1154042,
266921,
449192,
614692,
935882,
195987,
982879,
94579,
1091832,
647823,
741067,
673007,
48783,
346930,
371764,
573112,
510842,
768808,
857045,
133995,
712133,
372905,
599525,
919798,
266733,
52075,
722375,
198020,
550667,
992188,
461328,
1154961,
1192927,
376,
518905,
51983,
1079669,
331718,
858118,
110266,
631240,
717606,
985544,
647668,
742415,
506382,
651066,
388863,
351075,
190066,
806356,
263713,
1146804,
1188505,
576408,
681687,
493948,
378544,
747136,
810636,
1000597,
942918,
163443,
495147,
689117,
1013280,
745157,
628237,
827637,
812991,
980756,
909571,
314212,
532995,
304051,
344957,
390134,
206507,
103718,
445807,
448223,
937322,
681822,
3734,
1044096,
1099206,
22453,
15982,
900158,
235714,
1046358,
782417,
371492,
218615,
319422,
206926,
418724,
902171,
773382,
840666,
1182664,
725970,
945919,
901243,
494102,
309970,
161629,
973265,
567518,
881182,
200886,
305835,
1101793,
1037848,
214973,
569369,
738764,
694224,
809412,
71080,
174333,
827757,
349008,
731419,
909435,
1121447,
314449,
107339,
662279,
731052,
844111,
971250,
951179,
554654,
188329,
915448,
517218,
865567,
749393,
41234,
11046,
1006176,
932729,
718154,
957002,
821234,
1104676,
436213,
397123,
933630,
1152443,
147956,
357060,
366553,
3468,
902467,
1025600,
520487,
626507,
106512,
110967,
775734,
874178,
168344,
592848,
413391,
1189193,
1151062,
312523,
663708,
1031827,
505368,
576919,
970440,
674505,
650164,
889218,
154917,
375326,
265216,
1008509,
542326,
592864,
81094,
889274,
1071844,
29480,
47315,
869731,
1171647,
669724,
280638,
957070,
2821,
1107985,
846246,
345282,
781986,
215145,
47571,
28569,
533378,
694036,
492134,
389917,
1104643,
774488,
902780,
372479,
99232,
41743,
1168957,
164786,
798634,
918022,
1041283,
746999,
225758,
853308,
989757,
287893,
291324,
957024,
991919,
496588,
530419,
707546,
694433,
554982,
1199704,
257615,
974458,
1108552,
148814,
523818,
391767,
1045598,
111217,
164703,
1133022,
256116,
247201,
629425,
1183857,
1161590,
230242,
979057,
6115,
1002506,
1152846,
161706,
1176940,
1108201,
326150,
883619,
449510,
533926,
803992,
992536,
597476,
516421,
289071,
388955,
596307,
497783,
887574,
554006,
700101,
517525,
731691,
1089988,
121543,
575405,
4873,
70183,
203583,
856430,
693004,
180793,
285642,
695460,
303376,
1140938,
104612,
606774,
129071,
896821,
747256,
985438,
421788,
536752,
668642,
12871,
646246,
924654,
761461,
686628,
928409,
868320,
959960,
26597,
212264,
550399,
918802,
430065,
514182,
306520,
831762,
817546,
1077214,
1070819,
354067,
736173,
1051493,
433364,
402432,
675541,
269196,
12511,
274448,
841089,
988531,
336396,
1041043,
806686,
143345,
450008,
656079,
952416,
947166,
432450,
226150,
46717,
171043,
151644,
681585,
163631,
1015056,
1055874,
678347,
978145,
939880,
494715,
300048,
65170,
800048,
749254,
433603,
414640,
553665,
1114783,
489941,
34047,
179548,
1134052,
809786,
933075,
1194591,
952941,
369331,
714862,
1162754,
879767,
159492,
694931,
980322,
461499,
516364,
338416,
703390,
306284,
313134,
818941,
1082956,
21739,
291682,
855468,
1017171,
361740,
462965,
759625,
767289,
1135429,
373873,
207778,
190640,
751790,
266482,
284301,
892983,
904484,
279830,
1160577,
563270,
20535,
915393,
47051,
1018228,
861097,
971348,
555544,
474940,
168629,
654419,
788375,
28551,
982620,
955979,
379127,
143253,
1195865,
879728,
432507,
421042,
554178,
533705,
806371,
506432,
1039409,
883473,
776131,
799073,
992173,
854133,
642303,
416284,
531548,
969502,
548501,
846725,
319225,
1171294,
43341,
369857,
140835,
1040136,
37061,
251214,
264387,
478085,
682766,
666988,
1035302,
1058293,
295790,
113702,
1096103,
1039115,
1016184,
593798,
546541,
445446,
792312,
916761,
206264,
371181,
850398,
705953,
355110,
1120253,
62075,
32903,
489700,
660783,
496821,
889971,
762717,
663366,
707517,
980899,
786475,
1136244,
778642,
736596,
883329,
155821,
930571,
852143,
847712,
884860,
304694,
562676,
1187260,
354670,
952486,
986381,
1046545,
312033,
626708,
694083,
302234,
71862,
1194074,
1096347,
449593,
974071,
321145,
454621,
299618,
576516,
1124307,
704414,
466574,
734141,
666255,
898307,
170055,
152269,
276075,
512839,
659248,
390252,
198163,
651954,
325693,
230204,
240833,
775280,
299410,
534924,
44779,
437586,
147007,
663836,
278156,
656709,
982400,
983947,
294865,
255189,
443507,
1041576,
315393,
663446,
513060,
985686,
431159,
1190284,
487492,
839542,
958688,
644270,
620816,
965510,
686634,
240297,
506146,
1099811,
677451,
783230,
507558,
1049619,
834816,
206754,
664474,
501022,
1073744,
385562,
887606,
893643,
840116,
281047,
410772,
584269,
625320,
190476,
837803,
719610,
806853,
691837,
687101,
202192,
1132604,
448476,
12072,
1133290,
689339,
826550,
837579,
745229,
1155219,
914286,
171017,
512261,
883102,
1182054,
596313,
900719,
1104974,
634150,
1094130,
932542,
264837,
1136564,
54525,
977041,
807265,
825880,
118904,
77581,
469449,
527561,
594453,
845211,
630842,
97528,
602700,
754200,
539752,
823805,
154442,
920971,
791034,
470102,
365337,
799373,
1103751,
99364,
537205,
656518,
926462,
1169309,
349367,
429009,
59992,
288556,
786356,
319790,
740466,
1156202,
435106,
1093086,
535987,
278164,
392233,
1148290,
434789,
1005783,
938376,
684485,
113754,
35160,
348868,
1151904,
938150,
972737,
368268,
500787,
614466,
502769,
383462,
167482,
346933,
519907,
894434,
209661,
1114499,
132658,
486042,
783554,
697130,
1025456,
801351,
2436,
1056672,
902449,
22341,
662484,
96929,
803881,
818165,
721454,
613909,
34747,
673510,
582431,
1038802,
327477,
395584,
262460,
1020034,
519938,
464654,
148324,
542442,
54458,
1058061,
824976,
467486,
520265,
41376,
847215,
1119656,
152942,
732881,
237980,
17239,
835350,
292731,
905132,
484608,
1072077,
1012434,
687027,
145893,
774158,
522379,
42720,
1026754,
578781,
276178,
845359,
134528,
478089,
242596,
185958,
139437,
79050,
101816,
250316,
483317,
832252,
596225,
1056004,
128160,
1018187,
763119,
648259,
631272,
259426,
230065,
753097,
181310,
453507,
797585,
387186,
124048,
335510,
411621,
278767,
260143,
858840,
88059,
552440,
439649,
1100602,
884065,
1054615,
166444,
72753,
784335,
771005,
129428,
474199,
782705,
576483,
635981,
26734,
821868,
314414,
392760,
646913,
108073,
729055,
883579,
896625,
759854,
512448,
929968,
79703,
576719,
877109,
34418,
734140,
944820,
140619,
1068328,
562726,
1190957,
426691,
893260,
457434,
831373,
486352,
338054,
1080564,
48358,
555644,
640357,
648269,
706344,
1197410,
489503,
522421,
576754,
273631,
1066683,
1116080,
1099004,
407759,
864549,
835335,
137717,
900940,
716383,
802057,
484548,
337758,
880874,
272256,
442114,
473346,
640470,
267692,
989260,
1116941,
538842,
758992,
591973,
604578,
968302,
137602,
871204,
577276,
1120549,
387303,
695127,
1199056,
452810,
659693,
262203,
297052,
109669,
788383,
407175,
1183795,
55854,
148476,
795041,
1154110,
192860,
505424,
5749,
737718,
218949,
586165,
329564,
1131171,
109114,
381345,
236669,
642836,
549494,
10083,
270235,
1163943,
919037,
63900,
643184,
122722,
876021,
114795,
423334,
1110291,
1127317,
449739,
1093589,
562020,
328003,
963155,
660106,
630705,
1111350,
123051,
490998,
196258,
1164991,
593478,
1039571,
20277,
726844,
735762,
356524,
836551,
493621,
881222,
463413,
1032681,
237629,
148438,
236320,
318302,
158304,
658483,
219170,
411340,
191747,
86680,
790148,
987138,
1051569,
759925,
801717,
62358,
278517,
215941,
427710,
610349,
225461,
282642,
1121924,
719595,
1047803,
812034,
1126483,
1134903,
614091,
62428,
1175820,
587587,
687312,
717567,
466863,
699391,
1132715,
11326,
475898,
327312,
124899,
337042,
825923,
1029558,
244704,
235521,
375411,
47917,
760815,
1011636,
583999,
600095,
135103,
666041,
1098764,
963735,
263269,
47079,
356253,
105189,
843069,
1166890,
413523,
127980,
978836,
178450,
840122,
320036,
96545,
474013,
784865,
1029660,
148366,
1030997,
1136437,
582922,
668648,
453246,
1047404,
993346,
929035,
1084195,
742515,
195858,
1034223,
871475,
293947,
186864,
54380,
164592,
161636,
202706,
564294,
539687,
1150682,
278368,
1169266,
555604,
810585,
80506,
1140827,
953768,
423119,
1013059,
70544,
686707,
726040,
510548,
209030,
283555,
622049,
210698,
274420,
126126,
503281,
674871,
674680,
380674,
523116,
148959,
433173,
602264,
382453,
1034379,
997408,
776459,
354354,
136533,
93870,
1076375,
809896,
275987,
420180,
46350,
99865,
498925,
1115598,
1163656,
1187938,
136940,
266962,
991060,
201846,
57817,
790269,
495859,
893532,
1332,
666671,
846859,
205471,
442777,
633250,
343571,
391032,
603651,
634024,
11389,
1129078,
289884,
535386,
386203,
435467,
248006,
1084362,
1086001,
801839,
567527,
366125,
698533,
884904,
1169145,
418859,
251811,
1058194,
11041,
66370,
196181,
1188135,
372763,
1184350,
817430,
812371,
142937,
1044622,
153282,
63574,
281353,
187916,
649188,
452769,
664060,
1123768,
1061566,
916224,
150403,
151495,
867797,
841067,
763072,
864036,
1002083,
996060,
598438,
194566,
1055974,
339446,
552382,
1044065,
51259,
1095245,
822985,
955942,
210595,
12765,
787872,
379630,
1147045,
1032318,
593977,
954405,
83833,
249391,
150157,
148622,
552376,
1173851,
385234,
1100366,
928568,
907349,
502305,
1029583,
1110184,
330212,
729789,
482976,
1010932,
1010673,
1170908,
1157170,
152558,
1158797,
798641,
11224,
383987,
1016751,
4178,
450499,
245705,
1070529,
569910,
1099717,
598696,
577995,
1117188,
901312,
409907,
129945,
799495,
287382,
605249,
59660,
485634,
992139,
62205,
1052648,
1162381,
240721,
697602,
309243,
1061927,
879993,
1011479,
429671,
40744,
752387,
425853,
927971,
365985,
37977,
696953,
722954,
316758,
932609,
905274,
673107,
1090251,
816655,
206348,
419278,
196955,
914145,
9367,
454114,
387652,
324741,
888718,
759088,
585235,
421001,
990901,
531408,
645815,
1030086,
373132,
910676,
625512,
768232,
305548,
1149969,
1112431,
214701,
319824,
1063515,
300876,
1150555,
767186,
322227,
734786,
1160526,
984797,
634137,
1052247,
101241,
630368,
839365,
656506,
938055,
418880,
1038504,
352153,
719829,
479423,
1149647,
249538,
1031132,
9797,
202779,
1025398,
1197610,
883361,
830760,
183313,
273787,
360570,
704886,
965453,
585354,
34320,
1048200,
109154,
982191,
55077,
1108596,
729367,
814761,
694772,
931623,
1152815,
759264,
478748,
613112,
798249,
205719,
793325,
127512,
152201,
857191,
216421,
993210,
958442,
388094,
927774,
1165678,
85292,
744647,
440461,
423384,
1004583,
738699,
1066832,
584138,
475475,
679144,
721066,
684295,
308626,
867163,
413228,
946471,
542269,
1127936,
973725,
90590,
158393,
482536,
671028,
838272,
1199815,
934159,
628247,
739915,
690979,
67869,
207968,
1017588,
683498,
456056,
806806,
846884,
562440,
766794,
904525,
851641,
243621,
877146,
284525,
236521,
622520,
1013970,
335360,
91835,
855715,
990101,
1150299,
103577,
590801,
372533,
64184,
966236,
880930,
170811,
214446,
314897,
99178,
249709,
5330,
213318,
1013556,
363645,
12808,
105795,
738959,
601229,
6948,
21366,
623772,
786802,
1133127,
820511,
457865,
68476,
341550,
238422,
1182084,
1062361,
143071,
522618,
290931,
688554,
783349,
986803,
1010065,
752317,
300137,
99213,
419417,
144065,
70873,
1067194,
1066310,
270437,
1125115,
733454,
857747,
623608,
562453,
629587,
1037531,
580615,
1004277,
38208,
152841,
815106,
94729,
854392,
57088,
1054974,
48055,
446281,
305385,
1145857,
249580,
345356,
670285,
45449,
381843,
541848,
53589,
808275,
634367,
422998,
75654,
156926,
483608,
156630,
23167,
670093,
910251,
64000,
291998,
208688,
1148996,
503847,
417431,
897489,
33413,
146299,
1076082,
1108158,
320474,
1122607,
1061535,
322403,
503121,
1055154,
457651,
1172130,
1155032,
806428,
391824,
418769,
33184,
318478,
677653,
148610,
324316,
574970,
991815,
1019920,
618119,
1003769,
1053432,
344633,
1161950,
389616,
1037171,
283828,
841402,
724912,
1079850,
60169,
702085,
1073008,
1067777,
105982,
750405,
705345,
158388,
308399,
13684,
555919,
139770,
231171,
964316,
882893,
486851,
1051980,
817744,
505133,
496249,
317721,
918614,
1117909,
1196063,
734014,
539741,
659744,
322828,
424419,
46346,
714163,
91899,
870631,
523843,
833858,
391555,
673299,
1035810,
1190786,
277750,
73167,
12136,
874058,
769486,
14468,
640569,
174959,
792206,
680415,
145536,
464991,
197736,
1088458,
219001,
73724,
541955,
572971,
72954,
661199,
1078055,
604748,
738930,
344629,
728965,
993015,
974866,
788251,
230733,
88061,
977941,
1110596,
830374,
195377,
1000199,
347407,
450317,
920356,
1005980,
658088,
666974,
1117631,
867398,
101702,
999732,
439653,
220330,
89460,
726908,
812354,
159987,
861651,
665323,
813238,
301199,
1043827,
305563,
880846,
672402,
717419,
111429,
706988,
20171,
567732,
894937,
346119,
502651,
704548,
389532,
814501,
1041797,
1045832,
362579,
1058620,
98637,
1165907,
227200,
1142671,
1110396,
1075859,
1144578,
962491,
117250,
1101597,
586574,
294088,
79910,
1099545,
1059105,
893300,
920317,
591258,
41115,
928061,
178137,
386961,
897486,
14879,
504918,
939141,
83290,
1032892,
666629,
1093505,
482375,
505690,
419235,
479590,
153491,
64814,
384799,
355427,
556983,
915174,
710599,
502906,
252086,
10715,
369422,
272648,
576087,
961612,
820933,
722687,
1027616,
1195733,
470398,
524853,
450752,
980923,
1006522,
871046,
277015,
732646,
134991,
92882,
1080151,
1119988,
317104,
84715,
933348,
15483,
707483,
806919,
811416,
875773,
195320,
936894,
1167670,
605054,
371963,
232181,
858755,
948505,
209372,
523764,
113164,
82227,
1110656,
454976,
295105,
694845,
525905,
1006504,
406440,
40784,
327135,
1168093,
797257,
1048003,
1156687,
200874,
1034902,
118684,
615819,
563345,
598712,
212477,
1060435,
1104675,
944191,
458684,
662726,
618895,
1048816,
41676,
683585,
133313,
916736,
1030485,
251585,
238749,
819421,
1136426,
25121,
1099641,
189694,
664831,
987630,
29086,
994850,
914107,
319301,
432737,
670029,
955418,
729435,
682322,
486108,
712662,
770221,
218701,
867706,
985128,
856867,
850022,
1145062,
1004040,
66650,
81940,
328488,
1195012,
90360,
780758,
259200,
1123289,
948356,
1155423,
245107,
110686,
261663,
70129,
488241,
962141,
547391,
749197,
509544,
1179683,
854799,
632344,
858975,
231454,
641316,
72480,
1111603,
722577,
367519,
877478,
20319,
686239,
311632,
704518,
298625,
963720,
398343,
220053,
612440,
472013,
668699,
1132408,
568090,
623684,
878062,
634633,
770218,
977815,
726106,
458955,
580204,
919901,
44872,
409794,
736896,
312011,
505302,
977404,
813279,
1049514,
439215,
725378,
851395,
1038109,
1134287,
923277,
655741,
188569,
624552,
125580,
607530,
1005863,
300124,
825444,
937111,
249308,
109621,
282826,
1195045,
1066159,
621713,
1081065,
1173111,
312470,
805273,
789454,
85311,
879571,
1146099,
391626,
279858,
1190187,
677967,
342925,
839647,
943302,
570771,
93066,
1092257,
1158053,
728633,
286939,
1020671,
535406,
215958,
146879,
779479,
147078,
772394,
658363,
1051887,
310361,
432168,
745473,
1129058,
725430,
290449,
670755,
34633,
476679,
931760,
457624,
231445,
236189,
174775,
304393,
782340,
436984,
1112642,
1176736,
824768,
1019490,
304397,
637540,
618227,
732311,
461081,
1006988,
644622,
578075,
559801,
459896,
612078,
832057,
674573,
593450,
786884,
597289,
748619,
746147,
478614,
965394,
939178,
312501,
553449,
1053254,
446689,
236715,
217948,
1183723,
3,
941428,
627435,
1152716,
616508,
253888,
992296,
226944,
120500,
474829,
798168,
5043,
1111499,
1054186,
834000,
546609,
1148979,
478269,
432944,
643641,
402929,
803958,
1110975,
1095754,
195494,
146873,
1061130,
1055821,
292560,
263747,
691085,
196470,
390335,
402812,
600862,
147963,
736600,
1061598,
502632,
977332,
774794,
60821,
154885,
441155,
477631,
942391,
394432,
1038185,
1116610,
270424,
343364,
1058026,
364654,
871967,
993168,
401247,
292168,
78683,
1060332,
1020163,
210132,
655329,
490300,
640055,
1093838,
768634,
336368,
923948,
335198,
574262,
1057263,
706590,
907852,
445242,
20004,
959789,
845454,
171371,
1043221,
1006054,
608515,
342261,
547101,
984008,
749872,
793402,
446527,
580482,
871444,
764352,
520328,
420530,
771111,
145551,
1176727,
115485,
615961,
1078736,
749847,
1194876,
1156029,
304595,
766822,
950647,
478104,
588618,
1049923,
33611,
1156573,
1067057,
751612,
568984,
1089186,
566214,
373481,
368422,
972258,
182342,
1093747,
62893,
345714,
552741,
16954,
479286,
1186637,
334801,
98144,
642301,
194929,
175005,
413223,
679782,
90568,
296423,
943968,
792679,
1125189,
944938,
977846,
478755,
1014588,
56791,
862082,
1077302,
1032238,
681808,
691551,
643213,
788001,
517393,
353980,
301015,
256300,
1041642,
884371,
1067142,
717627,
163516,
760866,
1103408,
782474,
591259,
1147020,
785772,
848995,
1120453,
642481,
1051922,
148871,
581666,
312230,
912701,
1118061,
499839,
683956,
1170171,
396279,
65861,
486618,
708404,
541764,
1174802,
988251,
369946,
873465,
392418,
884082,
619658,
337005,
1140978,
6222,
970907,
1123843,
911363,
698513,
244879,
716775,
191398,
187761,
92216,
577911,
220088,
127918,
362686,
556932,
522674,
469050,
135593,
1072063,
701959,
741710,
573739,
303280,
602928,
494057,
802663,
1198510,
386352,
908948,
958824,
959124,
1155250,
603189,
659069,
253722,
163566,
82707,
969107,
624024,
1163260,
483161,
847579,
741473,
659425,
46537,
136358,
946175,
241519,
372333,
1071675,
472919,
1026465,
1064103,
706719,
446228,
683326,
478835,
98727,
1155992,
266101,
1175385,
557884,
557466,
785163,
337545,
411998,
475173,
352431,
935047,
214817,
487275,
969568,
482235,
548956,
435349,
537696,
739099,
178865,
901432,
5952,
115036,
532826,
77561,
403839,
1019059,
48521,
454090,
545794,
436917,
878631,
1186238,
151207,
1186154,
701474,
242438,
795542,
606094,
3660,
961761,
181029,
653117,
913513,
895880,
539218,
546391,
772050,
1187460,
672077,
1093569,
666906,
126424,
682120,
555976,
808368,
150316,
697122,
821374,
804543,
648765,
287173,
430571,
842701,
610153,
402023,
600736,
37125,
1032340,
906992,
637059,
415655,
439248,
747590,
691676,
847914,
608502,
486502,
1006632,
750199,
1081222,
138311,
1030197,
961661,
363400,
261822,
295748,
1134422,
89596,
935710,
897943,
276477,
537168,
198390,
690344,
860409,
184190,
648554,
746709,
1077043,
1027486,
873915,
228656,
81201,
514246,
121687,
568447,
926183,
614832,
230328,
325192,
180677,
54943,
535278,
664448,
890546,
212525,
95071,
368592,
951745,
846276,
557135,
1022567,
630194,
149274,
985369,
183452,
658782,
234980,
136507,
863709,
228411,
59875,
610067,
654066,
684484,
1110114,
836370,
1016574,
720548,
483364,
550679,
260335,
896824,
1045320,
140499,
1193894,
696676,
286773,
406017,
394288,
997962,
200924,
304697,
892276,
691415,
277997,
309077,
1183232,
60953,
167436,
495899,
252334,
1187805,
858549,
1127700,
22992,
1065304,
243106,
782207,
869379,
1012907,
16279,
351716,
931281,
960240,
238384,
328543,
25959,
139105,
624310,
500815,
485363,
1122356,
111367,
322593,
377839,
951676,
112601,
165995,
799824,
438621,
171610,
558241,
1029534,
104615,
102490,
841771,
79474,
158380,
683454,
273963,
455242,
161189,
927670,
39879,
714658,
257425,
489407,
460740,
1014813,
304090,
424399,
192282,
169494,
565184,
1132796,
25177,
792626,
1148219,
282357,
573438,
1141245,
625915,
672764,
906110,
197484,
1077285,
859868,
729330,
1017072,
616344,
770056,
33726,
1102550,
220588,
1173776,
134459,
826516,
744632,
923566,
1003362,
776098,
1046878,
175037,
35602,
113950,
790576,
231590,
447441,
1073807,
145399,
801214,
440784,
1097823,
357139,
79430,
671464,
256771,
577783,
75040,
1128456,
583835,
856139,
557218,
502685,
491805,
1014180,
159775,
413135,
609155,
145475,
1196693,
436876,
915557,
1071797,
627259,
133472,
480014,
966042,
457310,
827421,
688923,
774411,
615915,
1195402,
1065384,
183561,
988887,
79770,
287624,
921955,
561764,
945799,
115019,
1174130,
1110292,
391075,
216116,
24988,
773596,
254701,
163147,
662750,
973758,
323588,
174965,
802770,
841744,
81388,
275038,
404922,
409605,
48713,
995707,
307458,
1098228,
57639,
797172,
858647,
253135,
735685,
946244,
119087,
851602,
1111093,
1040372,
501229,
756065,
860898,
541364,
803763,
864692,
496015,
44560,
632078,
397875,
452795,
692741,
427763,
122618,
1153518,
945309,
913273,
401006,
506985,
339204,
423754,
417482,
1152720,
1102238,
378655,
497121,
571718,
731358,
551086,
1169923,
940355,
846893,
346887,
921618,
1030581,
1189820,
677312,
1139974,
1002793,
1174471,
585842,
347091,
703840,
830217,
567586,
311591,
46977,
1127506,
1141102,
985668,
80569,
477499,
1009453,
894671,
941279,
751794,
846239,
663256,
886531,
43498,
1193986,
232509,
795053,
31659,
349835,
794588,
975637,
272346,
449541,
235533,
1036970,
598512,
245315,
729314,
99819,
242281,
667052,
357015,
669416,
510084,
668562,
39349,
385762,
7826,
886999,
1188390,
562960,
1032561,
1199431,
243129,
1122719,
509607,
228584,
3880,
886753,
258097,
183034,
64340,
736061,
146510,
1187979,
263799,
613170,
893128,
1133569,
449985,
171521,
757697,
120241,
952309,
1198360,
652178,
510940,
883544,
815166,
622539,
1191689,
841378,
152213,
756565,
259388,
866597,
473882,
36854,
419618,
854125,
402449,
567316,
450227,
763760,
938159,
906485,
270804,
428040,
988713,
118669,
797780,
143724,
765769,
796970,
686762,
556563,
942336,
47933,
948010,
544570,
871603,
1087686,
413439,
656885,
263247,
1045377,
1011111,
425165,
484813,
823847,
117746,
676546,
924504,
79239,
907629,
652764,
881310,
113050,
1126590,
679953,
857021,
291982,
1080220,
744899,
1039969,
1067655,
391210,
417256,
116479,
871324,
232628,
493742,
36131,
873601,
656474,
131875,
355341,
899636,
1012250,
753913,
161905,
1021518,
147346,
963784,
321285,
1062376,
723399,
254937,
725968,
974328,
163252,
243520,
455248,
25588,
758253,
152047,
1043716,
91353,
556982,
21586,
823591,
457779,
888324,
1007077,
537504,
180291,
860695,
388942,
798068,
649074,
217572,
1024715,
497051,
965305,
677230,
713557,
410966,
570242,
917259,
990392,
63342,
847799,
141556,
358255,
75204,
138271,
928962,
570642,
946412,
1004757,
983476,
855718,
278734,
340506,
588533,
1164511,
1117008,
107420,
115596,
447399,
920870,
937647,
857831,
577110,
661370,
186274,
622397,
474903,
756728,
656612,
997676,
1139842,
734671,
793703,
777245,
1174769,
81560,
532934,
283460,
972199,
730977,
1051180,
323276,
1174232,
1051273,
206974,
17781,
717296,
960640,
620241,
29347,
155222,
1125133,
1099411,
230005,
794865,
104513,
718810,
123437,
352350,
834428,
909981,
66635,
1111976,
43537,
211847,
473373,
291105,
199487,
1179169,
380505,
636923,
529813,
916061,
409923,
1004423,
542267,
238295,
335652,
1121399,
967763,
1028311,
758203,
449022,
496283,
729159,
1030103,
179845,
243735,
1105599,
131534,
635874,
188426,
604603,
508585,
678003,
1103942,
315747,
307082,
263581,
50946,
729193,
36170,
113983,
597778,
943421,
54331,
291784,
1142246,
461087,
988153,
398205,
570809,
610339,
596725,
464821,
1143914,
867357,
350062,
514341,
62851,
597639,
510554,
504554,
806915,
644551,
1099188,
44565,
346665,
467123,
741845,
1154410,
1054715,
993105,
134482,
112688,
100893,
917839,
884835,
591539,
354614,
1025337,
854853,
72981,
604837,
211132,
400904,
345286,
232330,
429506,
627955,
569736,
85175,
306336,
885043,
1192839,
138204,
425106,
720765,
564143,
451065,
629237,
1061824,
591130,
1153467,
1183131,
129593,
9492,
486468,
10216,
33723,
272067,
995164,
692474,
477127,
494541,
91658,
319670,
394686,
879194,
1168966,
425768,
257886,
153807,
492702,
10048,
185123,
643076,
79964,
463960,
312696,
549346,
879280,
384784,
795965,
64986,
400508,
968048,
493021,
202412,
103973,
691481,
1099192,
675079,
186623,
901671,
615313,
975768,
1184204,
126822,
1179759,
544755,
165818,
266215,
227640,
1137994,
859833,
410393,
1184136,
518943,
1006231,
1023393,
894410,
884505,
501477,
848440,
754817,
39825,
1131041,
793414,
564974,
943541,
269384,
486559,
409404,
1118568,
445977,
55741,
252250,
241507,
841200,
165337,
958377,
117234,
844705,
167171,
320599,
39315,
277729,
575370,
241357,
154148,
92521,
410932,
866266,
989088,
185426,
27955,
662063,
905714,
492430,
65315,
674703,
362484,
223273,
650341,
268861,
995433,
271436,
286265,
1089335,
275847,
738511,
1137904,
357615,
606215,
1062211,
773569,
375261,
579838,
124801,
461010,
173725,
455784,
1189675,
40607,
23069,
1051353,
977356,
85826,
730886,
646869,
385262,
408319,
828231,
725342,
529907,
1062138,
738111,
84757,
1110746,
25624,
775140,
698798,
255648,
105077,
832081,
633894,
530675,
1088321,
77841,
598561,
202547,
283245,
250582,
768633,
588757,
173125,
186479,
1086292,
151572,
987561,
738013,
378635,
372100,
1128567,
307064,
1031754,
849618,
1005183,
479265,
789682,
464419,
150336,
852501,
347468,
748626,
1035044,
834068,
958766,
13677,
1185071,
473916,
188394,
183879,
827122,
72728,
866282,
283390,
846873,
598186,
615657,
128229,
1016974,
1052416,
640203,
136969,
657106,
1032802,
781445,
478391,
858124,
837194,
905008,
22344,
972702,
810566,
1009086,
581454,
560476,
21164,
581382,
488295,
26024,
191585,
102714,
567318,
91813,
529808,
894091,
719814,
314075,
970161,
96280,
1114465,
504218,
516271,
1098509,
198060,
197773,
578029,
129928,
764954,
834755,
889132,
92800,
419867,
1192119,
925827,
421428,
565800,
768338,
379633,
1092058,
745471,
646641,
1008200,
248119,
661847,
683220,
971413,
247858,
1049108,
1147969,
404947,
946328,
598144,
573217,
1199392,
1063489,
617950,
1021274,
769048,
1150309,
859480,
909124,
344627,
941412,
964706,
64124,
675567,
753405,
1165593,
917570,
287041,
553297,
620477,
568031,
274335,
860347,
168906,
511847,
1199578,
692875,
137161,
200122,
307148,
269153,
233850,
980407,
329482,
655825,
99604,
630479,
477662,
840483,
715834,
326371,
567473,
1095201,
54437,
174640,
870327,
178315,
617354,
920873,
584720,
171464,
258269,
38310,
873899,
12190,
322428,
624298,
178888,
256543,
55343,
352323,
975611,
1086747,
1060067,
849804,
77419,
741722,
825055,
450428,
229309,
558577,
597604,
1102492,
161707,
77318,
1056304,
501772,
576685,
1076948,
450218,
695387,
784575,
1195308,
171048,
74588,
431069,
958555,
821317,
913154,
938097,
125930,
63355,
1119799,
476683,
833489,
28635,
1088919,
656563,
490424,
1007494,
693571,
532550,
1067251,
361240,
1117134,
283811,
126585,
936415,
455436,
1060424,
356002,
361127,
587916,
344377,
824519,
1161175,
508025,
363773,
1002610,
984269,
908835,
366257,
1164606,
195717,
18173,
974439,
323527,
1008508,
1034224,
215495,
403458,
413968,
97958,
985413,
379814,
305317,
203221,
45094,
159986,
674238,
967795,
597080,
137163,
1003539,
845355,
435843,
784825,
773248,
761732,
819559,
795911,
573541,
259280,
22089,
726682,
280233,
47814,
1143147,
460960,
340681,
899991,
524264,
675894,
664651,
414837,
95213,
1070893,
712915,
707761,
1149530,
585477,
395825,
545873,
369655,
926361,
1010718,
871860,
873925,
800869,
949673,
88254,
971308,
1063541,
1022921,
982369,
138394,
1019981,
51740,
611591,
828515,
215999,
629525,
542212,
57744,
176619,
239356,
1024018,
881014,
718206,
238314,
717637,
982511,
84468,
447770,
981919,
281379,
134762,
30235,
807462,
1185266,
908892,
764232,
730916,
708705,
1083164,
225304,
667974,
1199672,
794163,
318400,
207167,
300763,
1072575,
937991,
395746,
395774,
721500,
1057547,
660568,
522229,
458278,
793062,
1098704,
1134700,
1082970,
401960,
888938,
124991,
761888,
940009,
850550,
397699,
506693,
439075,
583260,
680031,
1177911,
390284,
850774,
804249,
731446,
781323,
248971,
111262,
61166,
600868,
1094277,
329693,
767536,
599788,
214409,
894006,
812179,
951053,
127196,
1027968,
740507,
593039,
623887,
863972,
598471,
952189,
557569,
802354,
831594,
765725,
52676,
826719,
713475,
211538,
1151034,
157440,
998909,
439270,
33589,
548505,
127426,
791448,
515505,
1043712,
669884,
346275,
373345,
922077,
1010626,
1098208,
445320,
1182974,
898288,
270561,
269543,
729921,
963526,
488122,
744923,
914446,
1012396,
503425,
727703,
87623,
11447,
964890,
52005,
516163,
986661,
454103,
963733,
962873,
394489,
103452,
472897,
499741,
118680,
343160,
475229,
1138871,
842886,
80229,
202291,
817317,
13802,
1138047,
1006184,
860004,
1096060,
1192188,
382669,
576445,
864016,
299708,
780670,
623185,
741409,
775335,
857694,
1047470,
969655,
1055621,
3988,
345840,
108141,
702987,
1020033,
120122,
726074,
1063376,
335963,
1170495,
1010562,
1115723,
833032,
873266,
536060,
627001,
665074,
230313,
1134333,
656517,
364344,
707066,
489588,
850662,
557144,
116152,
292442,
984068,
25633,
523421,
163922,
624522,
1170212,
813325,
1124660,
226247,
754352,
230196,
961308,
784478,
695240,
931885,
506154,
1080471,
350985,
32431,
557896,
404877,
622619,
1080072,
303703,
190160,
337572,
962989,
668630,
86263,
517647,
257745,
689649,
1145394,
666142,
722692,
647143,
514468,
737562,
936402,
9251,
1092439,
569386,
682046,
44498,
226034,
1053361,
541388,
971611,
268555,
446678,
701765,
457581,
926923,
258054,
1012612,
741014,
448313,
269002,
1131216,
382986,
105140,
952298,
797031,
592461,
1154120,
1094244,
331266,
1106793,
645568,
181120,
370689,
480178,
417585,
64106,
350106,
214664,
556597,
1161888,
489471,
994441,
1009936,
1018520,
996222,
846255,
437018,
477222,
420343,
483550,
444008,
318786,
466070,
975475,
93782,
154344,
440073,
1060439,
1062219,
289068,
662606,
207523,
22797,
835286,
1004224,
862850,
858128,
913917,
959733,
554758,
695066,
943257,
997383,
418774,
1114517,
1119389,
700258,
478176,
820250,
1151195,
312549,
524080,
636748,
186778,
550633,
288486,
1069199,
708587,
850716,
998710,
1093238,
898730,
63770,
1178288,
230061,
476726,
309437,
1116562,
763278,
550690,
241508,
276376,
719124,
251683,
521772,
1114079,
721655,
361382,
21284,
520745,
333609,
1174861,
323315,
1039501,
468682,
470656,
169355,
344117,
350042,
51890,
204766,
451956,
68679,
1189452,
211726,
723023,
72019,
1086322,
404847,
572573,
1178724,
99039,
574754,
1009617,
557389,
320462,
215568,
986739,
1120763,
531797,
130624,
295051,
1117544,
203082,
995547,
592656,
446434,
997233,
57483,
1109281,
1147556,
378378,
1113869,
1140053,
800913,
1151383,
791938,
1148066,
947264,
843164,
40537,
181323,
537574,
136416,
927185,
1053804,
907980,
941557,
538036,
790843,
454963,
725772,
752768,
97704,
132478,
782244,
691217,
517210,
154308,
451197,
304775,
280009,
146884,
1196611,
960461,
1142042,
691501,
337078,
544348,
906509,
706160,
909068,
631221,
578925,
54631,
9943,
1030139,
12207,
788507,
110448,
942518,
934630,
232124,
743924,
577923,
613980,
1060552,
721928,
70728,
885606,
717314,
481168,
1194159,
118672,
332259,
879665,
421114,
217044,
299820,
584959,
562487,
211624,
230169,
384487,
1189210,
255724,
895779,
165873,
526245,
590967,
344098,
784920,
390221,
320280,
218421,
542618,
285216,
606083,
1113202,
1183755,
1193754,
1144529,
538580,
915687,
164422,
910337,
156594,
1169377,
624851,
547777,
163038,
1155369,
1176780,
778052,
820685,
906574,
1038876,
283122,
139090,
380735,
622904,
110518,
303067,
730994,
826456,
1170163,
381489,
807535,
758175,
1191365,
1172477,
120909,
897541,
298257,
765253,
149051,
729499,
1194365,
85633,
602581,
1016587,
276268,
688367,
568107,
293858,
1088380,
402336,
422338,
368417,
417791,
11832,
608,
1147957,
1010397,
405865,
942705,
119898,
315772,
542189,
1068691,
265915,
933649,
408198,
1081668,
643082,
1058341,
615537,
249605,
1072674,
801528,
217225,
393308,
753201,
1159717,
828055,
570743,
652737,
603258,
937659,
980585,
806178,
816707,
813022,
1018780,
779841,
1007269,
568847,
58825,
12923,
1127865,
975507,
222901,
857054,
837273,
628074,
1080790,
1181771,
715896,
424803,
278284,
67083,
796444,
434291,
411277,
467901,
275142,
623792,
1068154,
731838,
1129607,
638249,
748766,
844736,
448224,
914623,
635418,
34679,
141053,
472196,
884587,
522593,
462679,
552566,
661501,
1145496,
708001,
848123,
199824,
533016,
836195,
1112504,
1169548,
664037,
909413,
907058,
277617,
190698,
79041,
131466,
1040005,
768096,
329918,
728085,
904922,
503004,
584144,
673804,
465001,
343506,
548640,
90010,
387131,
1121294,
973098,
918283,
222527,
521423,
329357,
909915,
683746,
178160,
38001,
830964,
364104,
607039,
822594,
373943,
805499,
598347,
1028959,
224909,
115108,
401472,
220125,
246927,
120924,
354087,
324990,
102196,
1198589,
318020,
621199,
543727,
1113768,
786872,
592176,
221188,
1106986,
971323,
1011487,
894133,
114748,
590748,
845693,
681650,
865904,
937454,
235421,
1056682,
1157638,
923561,
1029687,
1071357,
593441,
759985,
538448,
304277,
1083664,
742381,
1121042,
511160,
72396,
811570,
1088510,
859625,
636812,
952015,
932736,
22920,
148302,
20697,
1145712,
919912,
515632,
769264,
356151,
760558,
1814,
520279,
324449,
325860,
187370,
373918,
1021320,
471394,
361418,
89825,
345731,
67865,
811981,
381149,
486899,
140790,
121297,
1121846,
525345,
763210,
863024,
1138326,
1099444,
740431,
906075,
878200,
1055101,
1193266,
604196,
732054,
1012455,
143780,
856356,
819846,
102815,
406857,
298756,
641993,
128874,
399287,
301569,
827745,
571846,
1042863,
1077783,
1067871,
1072816,
397570,
873868,
540090,
97661,
873553,
175310,
200148,
394831,
606277,
1028900,
1171115,
1083113,
84285,
700656,
210550,
991397,
215756,
896660,
868346,
311551,
595395,
942810,
140366,
104610,
436969,
973678,
763316,
346585,
1138609,
251592,
46746,
745776,
1050428,
429658,
341394,
1184916,
550764,
99119,
567753,
819274,
567669,
555740,
771270,
226918,
1004971,
376753,
480441,
802717,
205966,
415084,
1171905,
318069,
768585,
706215,
969543,
531166,
534309,
225423,
675225,
373460,
131397,
200509,
789157,
934252,
330633,
535887,
729351,
527268,
238934,
833132,
162697,
420120,
758569,
445786,
1169110,
623254,
795842,
274499,
500266,
1167883,
694551,
611573,
104660,
667351,
313328,
583482,
496525,
74296,
667423,
265012,
643073,
417872,
888585,
263311,
140431,
541740,
1093358,
355937,
684203,
233687,
253586,
745399,
298955,
442884,
75404,
798349,
612669,
705631,
296050,
943959,
256963,
1089249,
816144,
643917,
964426,
775803,
458018,
1052852,
990774,
98498,
519431,
1007085,
237872,
592189,
845748,
1071847,
1086689,
573918,
568286,
1171987,
960454,
382728,
233627,
1079031,
30469,
692097,
834746,
1073727,
561477,
919039,
155959,
357808,
214482,
53257,
103816,
1192446,
741303,
488387,
93332,
156505,
478153,
1168767,
632702,
550589,
1154551,
617091,
850249,
244740,
815757,
72484,
1094976,
622416,
165176,
1019841,
458614,
840995,
320619,
296391,
551311,
202903,
730671,
461431,
1074741,
1131443,
161156,
396362,
479033,
776596,
929055,
213021,
608067,
42942,
272318,
409564,
585526,
963601,
820876,
344514,
1046687,
752609,
126540,
467676,
1173352,
1092687,
1094802,
35995,
532126,
229701,
618775,
316622,
1137915,
985788,
951571,
165577,
686494,
403986,
205082,
501571,
997423,
1080006,
180695,
299811,
665210,
373148,
710243,
910463,
1134278,
958984,
845108,
562000,
105905,
1157569,
49687,
830648,
458180,
730582,
809356,
445782,
634186,
778966,
86372,
813321,
1172518,
710217,
1063157,
787177,
728203,
580554,
600961,
847006,
789579,
1037559,
300392,
393928,
825485,
558680,
842045,
485083,
283985,
1015851,
1196494,
266645,
454160,
351816,
275455,
551284,
118539,
502247,
947765,
208835,
25386,
478907,
675830,
940387,
519998,
1079313,
477944,
300301,
524277,
208559,
645566,
392700,
852744,
713907,
965445,
1189894,
102341,
513727,
528358,
211159,
29315,
237387,
846199,
38946,
247158,
359029,
85188,
507675,
351332,
711776,
953115,
123467,
978432,
982015,
620120,
556817,
733783,
921507,
326786,
762582,
322903,
1134368,
948481,
914645,
859863,
141698,
183330,
414118,
796566,
380121,
239457,
992111,
665667,
658238,
306894,
292009,
235475,
1022430,
475790,
949641,
549995,
828744,
180009,
58705,
721185,
342644,
118089,
814070,
546747,
647850,
408725,
189919,
419894,
311447,
402363,
713647,
82777,
591664,
1160799,
772145,
1108727,
1169405,
1050833,
149517,
344432,
213611,
985965,
539277,
722433,
159897,
1047178,
1126176,
360411,
108157,
456088,
707760,
1132660,
712377,
79617,
386258,
717411,
670169,
657328,
1068225,
954734,
1092306,
730591,
1081604,
129536,
792742,
255150,
43700,
89919,
440462,
466929,
1173640,
385153,
1150320,
607638,
975757,
519637,
328692,
1001443,
852992,
772750,
489898,
276388,
804511,
1104161,
1036363,
733328,
776551,
24578,
103570,
194857,
996627,
250894,
705921,
480580,
513470,
431441,
719875,
702726,
834284,
866332,
1143956,
435659,
332926,
218914,
93551,
97476,
213698,
60860,
883328,
1080825,
41320,
266940,
276957,
1076049,
150266,
1183485,
5500,
953567,
629955,
460904,
685350,
81294,
431413,
1031996,
1129845,
1161803,
473237,
496320,
4179,
201801,
450742,
1079159,
1147399,
644082,
190278,
586454,
366634,
280201,
237101,
582682,
607660,
996168,
480128,
473366,
896216,
881873,
280200,
333722,
454003,
160763,
1085399,
226494,
966950,
730267,
176110,
645270,
106460,
856680,
602011,
857823,
1035178,
258555,
627393,
449094,
897700,
587632,
368178,
636585,
1028223,
493327,
239103,
784827,
524686,
444281,
705987,
185994,
662324,
1030261,
336280,
863624,
804007,
699611,
1113646,
1169184,
683869,
525652,
908274,
984871,
612885,
125925,
43900,
1169922,
223485,
1082106,
1062853,
1093228,
221787,
659056,
435277,
349071,
464293,
721951,
71545,
357746,
675336,
809453,
1133717,
1162245,
868072,
1057469,
693931,
786415,
943068,
324497,
686118,
782012,
332017,
1127853,
647875,
710971,
448718,
547315,
969386,
345460,
610647,
1002372,
736805,
315615,
497289,
388743,
919330,
392572,
402721,
447813,
947843,
688845,
729360,
698114,
428507,
231253,
772159,
348733,
137728,
134606,
1003824,
1071368,
567000,
1145044,
423297,
575380,
24857,
1079692,
724045,
222667,
721996,
754153,
1172461,
555845,
273837,
1078991,
260353,
613888,
921185,
895306,
185899,
524419,
1112173,
548100,
148581,
658537,
378870,
348208,
1134203,
975743,
728054,
689205,
144937,
896830,
1041386,
342618,
244688,
1042199,
55351,
118950,
1012645,
1157480,
1146119,
175550,
114102,
783282,
134393,
503620,
929256,
591086,
505254,
1147021,
458100,
1021103,
174899,
1175124,
542662,
364628,
828117,
287230,
1051015,
647119,
973524,
53706,
358209,
134911,
819962,
930144,
206887,
815766,
1063805,
494392,
820593,
1178637,
581203,
1186336,
708975,
906589,
560326,
347506,
216252,
426540,
895085,
1050038,
946441,
527590,
156497,
422530,
1178607,
8676,
628898,
518989,
710817,
714648,
88772,
414103,
761523,
300144,
972761,
718095,
621471,
28456,
801733,
111424,
979908,
1096044,
458331,
1056290,
1118003,
1181938,
2112,
110377,
442606,
1083885,
345075,
892971,
911241,
623703,
1182966,
282582,
287302,
949319,
308226,
686197,
870367,
446450,
607355,
1093687,
241670,
143254,
69498,
177223,
300526,
180065,
1169327,
782387,
424723,
1184991,
369175,
785754,
1176791,
611066,
500613,
747426,
369592,
995347,
797303,
645925,
419043,
11121,
1110075,
591921,
929707,
230518,
1194092,
220710,
984266,
1150124,
676199,
1043115,
758587,
318416,
881096,
580670,
685846,
695040,
783462,
386833,
860344,
811441,
315070,
22196,
969013,
575985,
999314,
534678,
708971,
506661,
988096,
1190758,
243511,
180733,
899944,
740879,
854244,
94789,
920704,
664905,
246456,
609285,
1045220,
144793,
788220,
73130,
894548,
697686,
472483,
864813,
990446,
110320,
1154361,
1121678,
496868,
1121831,
641923,
645772,
207198,
1073202,
79122,
536886,
664916,
150397,
653635,
428667,
631879,
1036652,
447442,
745664,
970700,
655574,
508230,
384036,
329544,
1074447,
1066723,
327634,
889041,
867957,
745175,
15132,
222817,
158865,
569691,
1014379,
840561,
595218,
842320,
127121,
481720,
1096409,
693751,
690075,
352299,
1145158,
230325,
1066414,
599745,
1081533,
242431,
379181,
262315,
196568,
1050455,
1025236,
1189973,
397407,
291742,
624538,
820238,
257707,
756222,
721284,
138493,
1090793,
946362,
105458,
429919,
47025,
510888,
1018370,
1199283,
717584,
15895,
626575,
412761,
570177,
588630,
378633,
165099,
277301,
691347,
413034,
529105,
1059760,
409326,
153131,
1131545,
634056,
906839,
1166455,
167011,
210174,
430282,
160401,
41325,
626181,
160494,
1156169,
112792,
664217,
318185,
491495,
970704,
488528,
1028655,
70529,
737889,
90989,
226875,
72290,
737848,
1022023,
509307,
555465,
401198,
1100157,
522825,
799964,
21716,
801697,
723901,
205841,
902724,
872937,
655445,
1193153,
1106479,
336562,
1165380,
1134658,
248550,
202840,
548682,
533,
659813,
233180,
397302,
185582,
1095269,
746671,
473719,
829457,
788685,
896756,
897395,
854935,
42929,
807125,
919386,
1097577,
1075171,
745413,
15408,
466856,
158143,
539322,
716635,
110172,
1080510,
1166079,
316221,
208070,
547222,
786347,
295161,
1063491,
118832,
445442,
785388,
986177,
1187328,
480990,
1155051,
391976,
610453,
516076,
263277,
797446,
651889,
750341,
676663,
763996,
962703,
427697,
938944,
44467,
927830,
593767,
120440,
885861,
874799,
147019,
170663,
612013,
790204,
1086550,
310212,
353619,
252880,
733639,
120534,
992625,
81399,
172322,
689679,
701405,
1089658,
800291,
69807,
172500,
445647,
761978,
214978,
1022140,
234456,
882278,
13433,
474569,
223080,
410437,
775275,
234548,
475885,
986920,
800093,
424520,
1057608,
1039679,
605349,
283668,
418972,
598051,
1029632,
239725,
840661,
1047594,
1142372,
834322,
720943,
615858,
215245,
163755,
969887,
590720,
252513,
352858,
324221,
493256,
355891,
312096,
533510,
922195,
1053051,
441789,
100618,
146417,
676884,
795963,
791887,
819841,
834931,
357514,
622211,
433945,
466725,
50060,
1168639,
347024,
205262,
442343,
143362,
948746,
515034,
624474,
133846,
68333,
982688,
423447,
870486,
920867,
57861,
1054795,
88467,
431602,
627348,
305252,
500819,
59727,
1046887,
375764,
541538,
152535,
605247,
815026,
1187625,
885378,
841767,
638318,
1072510,
537676,
293255,
627090,
845915,
55095,
463235,
290915,
583229,
597098,
1123381,
207422,
170596,
499301,
343082,
763803,
96708,
763577,
1061281,
1004585,
1049280,
1178091,
442054,
697690,
873778,
196078,
1195669,
1025107,
405825,
705620,
715718,
989178,
176467,
940080,
864703,
413872,
855073,
1008139,
1102198,
967744,
1044178,
769443,
799215,
1141469,
836329,
441655,
566634,
655038,
371474,
982426,
539888,
1026572,
883689,
830008,
1134336,
33158,
1169325,
859306,
855517,
985323,
771298,
99067,
369697,
471706,
1152945,
310537,
418336,
690063,
1026617,
1102156,
181803,
617258,
1167994,
728861,
366742,
371420,
341345,
975843,
1156407,
688907,
244607,
18316,
380261,
478531,
311185,
312442,
474816,
1041177,
387308,
613120,
774472,
345245,
372188,
510559,
390678,
703246,
1047943,
592617,
1136772,
29451,
165034,
371260,
560090,
919921,
953912,
570899,
875634,
4030,
242061,
653090,
769735,
248134,
281469,
375967,
1161996,
1140281,
488468,
403361,
103779,
1186083,
79233,
572334,
1041679,
1189818,
593037,
836704,
350500,
936560,
1160530,
664749,
532358,
618502,
641276,
785685,
641399,
385289,
1126421,
812575,
697116,
677023,
791989,
1165173,
909849,
776416,
604458,
843007,
511387,
227736,
414846,
635197,
249186,
775497,
159148,
1141920,
17100,
464614,
729118,
539813,
159077,
12274,
416999,
953993,
104186,
264973,
969571,
453713,
636208,
476046,
451058,
210692,
99489,
872495,
387113,
505619,
632777,
298638,
148138,
384020,
1023900,
1041325,
364697,
308846,
691943,
444832,
930551,
1000752,
766780,
42331,
1080940,
649049,
836251,
458991,
1105886,
163726,
814095,
46029,
611545,
104332,
307923,
549486,
547152,
724135,
34299,
139727,
634507,
880535,
665374,
1066048,
497832,
109473,
6230,
240604,
427946,
386644,
152165,
23046,
176036,
148834,
397441,
388080,
493043,
1066132,
942008,
904954,
537034,
908796,
290337,
415801,
64534,
1116221,
265608,
639615,
46384,
895761,
962021,
596094,
260922,
380050,
567102,
1000432,
950981,
1195714,
1177501,
256377,
20136,
1118231,
124971,
1054105,
961176,
687645,
161193,
370989,
1177504,
1150633,
853833,
787826,
227204,
807841,
322958,
1172472,
743095,
597047,
332068,
1117883,
319727,
974254,
428614,
787674,
483643,
1095277,
973852,
239721,
252442,
907955,
775109,
698582,
321011,
1189822,
878701,
1149082,
1145014,
822214,
947860,
533208,
1092217,
564274,
386419,
620202,
871994,
1152438,
555638,
1038836,
932556,
1060960,
305735,
211342,
526269,
345485,
1135583,
58670,
154905,
615903,
808715,
1132834,
74671,
644852,
255847,
199800,
963393,
465209,
408193,
1039888,
317293,
929814,
844196,
444279,
75907,
101247,
794346,
452045,
1126699,
843931,
1160958,
777754,
622472,
1160727,
533576,
1053700,
1084769,
1125236,
366519,
899048,
768126,
399575,
1000185,
767659,
542573,
352253,
443776,
49425,
1010727,
702196,
938340,
1119318,
200819,
427511,
328528,
725829,
1009335,
656690,
150439,
733112,
431399,
778121,
716697,
930291,
874275,
977518,
1087328,
814901,
825023,
503011,
994867,
255203,
593446,
1124468,
196096,
732947,
980979,
625204,
625561,
1030864,
1100971,
655140,
250190,
1093035,
66984,
612007,
890931,
405647,
219852,
732847,
77723,
267437,
258213,
1003179,
1199568,
669927,
1128971,
1037958,
724668,
362704,
1006617,
168396,
968360,
389467,
557964,
430824,
644604,
774871,
909745,
480390,
239578,
665964,
1068286,
524149,
824984,
456728,
944532,
389404,
507020,
834040,
590518,
551352,
730899,
310210,
4379,
7972,
283170,
383867,
385500,
744685,
1012559,
1006451,
1077330,
128967,
1104024,
464232,
620562,
677800,
1108507,
1159452,
296715,
890029,
545561,
498908,
458074,
774449,
112881,
384502,
627822,
318824,
454100,
1074401,
4029,
1185857,
827529,
984433,
201347,
61407,
915243,
559709,
295578,
1099790,
739747,
535434,
879331,
54427,
1114732,
491096,
662127,
1103480,
104162,
157945,
852846,
254067,
612425,
1118029,
920287,
817977,
1084623,
899449,
211634,
444973,
1101248,
1048443,
1036476,
1165348,
571739,
326088,
1151857,
563809,
387653,
361905,
497722,
649761,
673647,
337710,
562695,
597731,
690773,
358056,
577272,
831511,
411131,
330435,
481003,
915918,
1184838,
1061931,
1168012,
1039986,
244134,
268340,
914771,
823954,
376979,
1001101,
471493,
113070,
909881,
214643,
49120,
174652,
144305,
578016,
670429,
618547,
680282,
749211,
813980,
1117654,
866039,
839772,
738765,
592822,
110563,
1110483,
1167771,
74520,
143461,
427711,
828971,
562454,
417885,
522904,
815558,
1186398,
1148428,
687379,
1116780,
777506,
560561,
692866,
374242,
253245,
415887,
155114,
537133,
791999,
245357,
1168558,
663235,
685902,
1142801,
572868,
191602,
635650,
942063,
339435,
708769,
823231,
94882,
125396,
770185,
600627,
607868,
819292,
469669,
875526,
393213,
419028,
1104531,
156935,
950114,
1121776,
1005455,
2984,
42698,
233643,
689851,
1145601,
139370,
721640,
735570,
958718,
721953,
1024680,
543242,
283526,
1050090,
1045589,
483517,
36598,
170718,
1075622,
189526,
174071,
735344,
1077947,
829732,
523024,
998036,
272829,
464558,
250721,
982895,
997068,
249664,
21987,
1012671,
331764,
252111,
127231,
149249,
561677,
1055710,
882796,
148483,
1124072,
627825,
1075851,
39461,
167929,
535959,
822927,
215802,
692646,
929147,
853342,
385438,
805728,
1082784,
642372,
286964,
863768,
388872,
169545,
553468,
277051,
569520,
1026446,
1192106,
615789,
1132074,
70944,
460350,
1159510,
830818,
460890,
838119,
329730,
1093010,
60464,
251087,
1017731,
839192,
672075,
13740,
968803,
401354,
923442,
240289,
1196062,
530854,
1044176,
25933,
1198132,
428547,
528936,
106003,
1152421,
561048,
485992,
730294,
1094563,
778548,
754439,
554371,
614317,
775164,
1149230,
439904,
113513,
326505,
773279,
473946,
22986,
476268,
427199,
590506,
1074711,
960069,
321574,
499028,
838493,
48280,
707527,
92257,
891061,
726893,
1095498,
490007,
900825,
197136,
197612,
50778,
1072936,
790908,
455555,
814859,
979344,
860071,
591593,
228538,
70384,
990896,
448965,
56416,
420267,
1149864,
885357,
665315,
755627,
105112,
699249,
1015767,
204464,
200488,
487457,
989359,
125361,
112654,
1108743,
712064,
314683,
654604,
1183121,
674511,
369130,
481433,
731735,
495431,
192471,
645507,
1143435,
754527,
981551,
338268,
1151792,
289525,
1176951,
116190,
493087,
158231,
345901,
198995,
21455,
686692,
511106,
747760,
824325,
1180133,
132719,
412492,
606336,
1164668,
1067226,
763658,
560158,
1185192,
1173130,
724216,
680949,
1019090,
98074,
30061,
515006,
467631,
921608,
131630,
575400,
1001118,
345038,
814103,
134727,
893790,
433878,
300735,
201373,
427798,
424000,
115697,
897578,
108275,
1197477,
895225,
437985,
1155395,
1082525,
652044,
345527,
1182567,
254680,
554501,
160937,
595804,
540200,
1059649,
103457,
551937,
1177169,
441733,
465561,
23987,
594933,
479370,
689303,
52680,
316088,
178714,
204945,
1023171,
746486,
460269,
14838,
533435,
11,
321725,
23728,
1126721,
109993,
1195910,
667051,
820538,
649570,
855414,
223400,
1095241,
1185877,
900292,
675337,
1168680,
178876,
39370,
332288,
694691,
61841,
580921,
1125956,
1074835,
455942,
1040716,
1029554,
567088,
349130,
1068221,
525170,
1157612,
448518,
677865,
379443,
750776,
705995,
670401,
732636,
275510,
369841,
858707,
609604,
256124,
630178,
284961,
849516,
218495,
658446,
1099112,
1134966,
815017,
1031504,
846709,
445314,
165838,
1177079,
213930,
1034730,
1048392,
1002987,
679714,
618880,
41157,
320645,
1006645,
1151447,
413806,
561602,
418147,
1162838,
1176313,
350779,
352596,
928220,
1173364,
900106,
320634,
863666,
961533,
117690,
883195,
139494,
407011,
314112,
37783,
903863,
14051,
485190,
27669,
1121274,
57389,
358379,
763427,
798209,
1159911,
852692,
503523,
694142,
1085876,
1011776,
754068,
283149,
753385,
122898,
501197,
568547,
1163253,
617860,
315805,
630245,
14720,
35458,
696189,
423300,
14190,
761310,
831649,
97210,
779193,
1095036,
890687,
990253,
949941,
56717,
188877,
134545,
859638,
837442,
1186298,
1001245,
710246,
1091718,
485409,
775730,
1187653,
25703,
159147,
10621,
1130721,
100242,
279652,
1146193,
294556,
282092,
916516,
909205,
1134798,
550060,
837599,
686639,
378399,
1029434,
913257,
254036,
446681,
468782,
684122,
891212,
229243,
462915,
268517,
414900,
63926,
479943,
736826,
535196,
720256,
703884,
503233,
1125231,
39836,
796080,
896960,
139709,
388417,
339469,
900685,
303741,
171906,
692208,
234632,
420971,
969698,
318382,
834097,
1118701,
59466,
390346,
423616,
104712,
1005337,
768853,
197050,
923807,
22683,
634188,
700136,
6281,
245528,
961240,
512351,
769470,
1049720,
666489,
133787,
692827,
72717,
1171225,
302987,
931648,
342686,
966088,
148902,
457230,
46764,
363980,
764783,
1137060,
1026646,
1116597,
791802,
422107,
805340,
700418,
1172885,
594219,
187972,
558593,
713693,
518938,
898528,
753305,
120014,
441091,
195637,
1095863,
798160,
383530,
871960,
5278,
295954,
1186027,
605842,
578975,
1103179,
338499,
773950,
839237,
728532,
428474,
266730,
493928,
956028,
717456,
993630,
52648,
1161075,
76799,
432659,
923623,
452137,
593022,
632546,
254799,
141871,
888103,
350733,
217190,
456184,
992326,
139785,
1140819,
624931,
913787,
122515,
1088909,
551406,
858978,
634297,
1040585,
30462,
111287,
327425,
785632,
700482,
1181627,
521427,
890424,
344685,
447899,
391452,
933509,
1168109,
72986,
131709,
975704,
912931,
1095182,
648677,
46652,
744932,
1058424,
533636,
721909,
56564,
362533,
939886,
340854,
236069,
23613,
297787,
84691,
398320,
1035008,
103089,
985168,
518096,
152096,
209295,
528246,
652065,
128351,
173730,
703602,
729306,
1198531,
875266,
749551,
143994,
273919,
88770,
275946,
307730,
1178349,
432732,
478560,
766275,
474745,
549818,
86288,
9925,
262066,
283735,
968742,
914528,
745798,
711407,
514374,
782578,
492693,
670315,
709255,
757792,
824893,
1035651,
142184,
999554,
438623,
619667,
797746,
384837,
442920,
611813,
763474,
496316,
598160,
862487,
372298,
1174559,
180100,
326339,
882573,
507625,
151522,
520858,
141020,
178622,
893598,
530340,
826488,
675705,
987087,
53721,
550404,
471172,
707941,
580455,
809290,
2857,
538050,
1029850,
476515,
909272,
1194372,
1046923,
890848,
1197824,
1050174,
55392,
496431,
766703,
747164,
448117,
89999,
443553,
829807,
808163,
71232,
1132224,
165103,
281861,
732752,
508388,
1186772,
993241,
356784,
167984,
1002657,
948607,
362902,
109622,
1198735,
461418,
709148,
92110,
1032914,
1151650,
90620,
151220,
177422,
560734,
699615,
369065,
334048,
782388,
939294,
996730,
308561,
769934,
342772,
300804,
1087102,
292927,
656960,
951845,
389407,
1140046,
873371,
2565,
769203,
1105634,
25640,
344187,
853967,
510815,
980565,
280402,
587109,
115733,
179701,
992404,
898567,
784838,
649870,
1167210,
726731,
1128570,
428205,
679181,
794975,
1078612,
259746,
790366,
733106,
455440,
803192,
499238,
211519,
99905,
600076,
466515,
22738,
921310,
743246,
469504,
3095,
1031242,
1147808,
996185,
781127,
109493,
807002,
567990,
402630,
172078,
776247,
960450,
70537,
422112,
542086,
53363,
233430,
533218,
238771,
871627,
851959,
854356,
964793,
100762,
410422,
667971,
893006,
804736,
175446,
247275,
1148159,
184162,
865704,
897135,
619720,
636024,
607803,
843209,
103466,
660071,
402077,
134638,
1154278,
493988,
278278,
681427,
1034611,
374043,
1077039,
562581,
84476,
855779,
315852,
988138,
219748,
252925,
124109,
798802,
216318,
1086653,
202089,
10626,
1101039,
765064,
547240,
479054,
883718,
508558,
405986,
618733,
899528,
460237,
1095785,
478657,
99506,
708300,
951599,
325717,
723093,
773839,
804182,
804647,
89878,
983943,
950855,
1054519,
106977,
863776,
192345,
1032316,
110236,
399198,
996543,
944280,
1053414,
784876,
724995,
976732,
345683,
286064,
1126215,
246206,
542374,
229183,
220958,
501004,
490394,
1110749,
27492,
456077,
367396,
195614,
174885,
504705,
686862,
433755,
608564,
754277,
412038,
393413,
743814,
133361,
563658,
287329,
1120909,
120149,
299446,
266126,
277968,
246946,
946921,
870934,
584719,
1120617,
145013,
1018911,
478119,
932235,
1076093,
254377,
968049,
808913,
703526,
706744,
1142790,
285414,
1155074,
1046978,
92975,
297808,
117419,
852265,
175495,
623371,
409603,
804964,
1157541,
189544,
721848,
378061,
976253,
301824,
669372,
267200,
311433,
68721,
1002285,
689935,
153535,
344408,
187986,
659519,
698144,
1116519,
221926,
589060,
688125,
578626,
80697,
1191571,
309193,
508068,
503832,
709192,
304504,
882197,
466723,
294749,
1000208,
518869,
277100,
956849,
631213,
1055204,
847068,
1012454,
1161598,
417674,
775489,
927264,
458939,
308193,
1148854,
998174,
626492,
520476,
770968,
135016,
89684,
824628,
627689,
1113409,
671535,
603136,
685957,
754747,
1199478,
466140,
459583,
815658,
791218,
847077,
954884,
1177164,
1197085,
1097209,
135159,
351182,
205379,
258234,
564386,
612439,
241504,
101135,
1079934,
445379,
130832,
662854,
156352,
237030,
724988,
534803,
833546,
179356,
58688,
348826,
1111252,
270900,
1012413,
652102,
29967,
979122,
1036983,
704391,
980803,
774944,
354074,
744382,
377013,
1148019,
341183,
641821,
560434,
1173985,
1030751,
114528,
317350,
722180,
511381,
468848,
886305,
836222,
1032695,
16569,
857754,
898733,
1017083,
1146530,
10842,
963731,
165348,
592735,
373326,
681509,
800316,
884754,
148549,
860468,
480167,
26930,
1130033,
1002880,
701530,
189282,
846647,
481897,
602310,
834491,
87684,
134402,
864648,
29053,
650029,
1018782,
816539,
903877,
1063693,
1058411,
563483,
870543,
955477,
618917,
1004942,
145512,
656703,
541391,
1089996,
242078,
973940,
94220,
93511,
153396,
734569,
852797,
378321,
534249,
435812,
566817,
934936,
189145,
990720,
430957,
730095,
630833,
357037,
256429,
383608,
3129,
460276,
484295,
355148,
584357,
282945,
861830,
274392,
1101551,
799112,
106671,
814310,
126840,
575587,
993343,
617487,
676163,
101735,
1007048,
1141607,
316345,
582507,
155885,
489383,
333541,
513715,
392560,
166284,
774907,
74193,
123285,
396681,
241040,
354626,
763026,
1158174,
320029,
1172851,
49984,
1080607,
993161,
288848,
1018797,
1195753,
891552,
84802,
1135622,
558380,
88479,
416018,
562052,
131389,
946018,
943528,
855452,
412483,
139168,
652005,
767575,
510590,
624420,
866574,
327967,
808430,
491420,
137482,
446479,
687202,
1006432,
966324,
255668,
918351,
1187336,
784963,
804464,
669332,
191504,
1029269,
490421,
509441,
571123,
111636,
533476,
1166501,
183365,
193730,
588620,
429772,
281568,
488256,
283304,
39735,
46553,
931176,
647409,
495350,
211470,
1199927,
113494,
880439,
771654,
804693,
1127935,
928097,
733222,
954987,
139355,
174803,
654176,
254120,
750299,
435025,
331851,
678444,
146773,
19816,
692251,
14170,
848572,
204034,
261713,
393374,
768669,
285088,
183608,
172514,
561245,
504481,
21279,
260021,
1160270,
582463,
307861,
298139,
882204,
571376,
269220,
876879,
1120868,
973972,
619370,
1180912,
205172,
1083724,
838829,
920590,
742453,
535279,
329589,
95388,
671470,
240860,
923338,
524229,
863300,
247448,
712089,
319054,
686967,
544816,
221444,
454797,
171412,
450284,
60242,
616134,
688097,
644593,
172141,
995274,
476170,
711954,
94162,
970485,
229088,
593121,
1196760,
486415,
765596,
488433,
1020051,
765279,
839018,
945040,
1083958,
1145328,
345826,
804029,
22388,
810939,
303575,
311170,
1001884,
42114,
755895,
4975,
827836,
145690,
785372,
693040,
624928,
1077555,
88215,
1096432,
270024,
589159,
303949,
595219,
968604,
982894,
655610,
1079097,
546159,
894140,
393276,
1175270,
1056345,
1167578,
948540,
822706,
730174,
1192209,
654416,
223912,
642729,
215059,
1145053,
171477,
869111,
1099675,
561544,
1185700,
215387,
194409,
910166,
466756,
762458,
860195,
350391,
1092315,
99827,
1061653,
492576,
728740,
1013941,
1031375,
779589,
938704,
552527,
83487,
853771,
976439,
819476,
37571,
1124203,
645560,
1046209,
990782,
297963,
1067005,
382065,
1015284,
242950,
1039835,
475418,
952568,
23787,
814166,
124820,
1083763,
1199065,
228423,
156384,
495753,
306855,
1140218,
826906,
388437,
718253,
395012,
1119748,
945452,
568157,
326300,
594596,
935112,
1016545,
373146,
671522,
253632,
260545,
55631,
606342,
817782,
505660,
140853,
73373,
406304,
925289,
872239,
490320,
1045085,
959176,
257593,
426567,
72438,
173453,
413522,
304910,
236234,
1119010,
131673,
168816,
65483,
156115,
1156480,
334714,
912774,
20704,
524113,
1057216,
476121,
665487,
1190329,
624028,
76376,
311638,
965358,
772381,
1058036,
1171724,
856653,
122857,
68804,
801345,
340633,
20502,
295948,
247053,
1068680,
511064,
1097094,
1199068,
825772,
240583,
752897,
1189306,
762746,
57803,
475099,
1038593,
195431,
401353,
759870,
612042,
1134438,
540208,
631027,
974003,
51274,
1141887,
512360,
535277,
739795,
670934,
424062,
613266,
763904,
139230,
189364,
153945,
412667,
485216,
1040591,
1142244,
156575,
814493,
509888,
1195158,
413881,
207707,
1169526,
113693,
1008000,
144079,
122131,
49238,
589425,
216358,
5274,
932459,
1083788,
717695,
8366,
894287,
1007879,
242141,
617820,
204327,
896639,
548873,
671329,
1038880,
697028,
832549,
618818,
35889,
170919,
612428,
423753,
1104922,
237370,
69900,
417506,
1092028,
620198,
297172,
887715,
1072516,
1121118,
216427,
426980,
1022032,
934197,
1088610,
867865,
927952,
1153264,
486126,
463887,
171765,
205146,
356028,
584742,
669443,
1111532,
1182179,
807783,
855182,
810963,
501973,
984129,
51667,
437566,
46389,
703827,
380351,
650684,
774229,
125111,
1183992,
327820,
954160,
982382,
924712,
841752,
487391,
362967,
9058,
521543,
968258,
372036,
161401,
914590,
774209,
376498,
991646,
470793,
1000587,
1174371,
486378,
968387,
45392,
506867,
304937,
47911,
656205,
1167756,
963729,
651219,
9733,
1030733,
1003455,
503423,
159487,
517589,
497937,
1038199,
633299,
1030708,
893172,
393959,
853046,
575058,
923875,
216911,
485144,
645632,
485928,
556793,
809186,
134453,
490844,
255297,
442346,
509400,
1040033,
600108,
1178295,
140831,
66893,
1139043,
1045445,
750759,
408772,
1125559,
375050,
283826,
52149,
366351,
364564,
1152237,
1062303,
534940,
1135212,
664252,
1142213,
919527,
60340,
575774,
605756,
1128415,
711067,
577940,
1001211,
1060323,
839554,
1101172,
160203,
387530,
706714,
701102,
103611,
273158,
521350,
143222,
119127,
698110,
791679,
619880,
594013,
320558,
843518,
954192,
954396,
734939,
144552,
44100,
619099,
762049,
90654,
106771,
272231,
6868,
80179,
1083348,
404797,
11056,
279347,
763012,
109632,
47345,
590400,
925926,
404725,
321398,
943339,
383574,
747971,
1119078,
858453,
135902,
802497,
545314,
609366,
832547,
1083543,
899064,
399787,
592434,
514169,
688739,
211366,
371305,
1085719,
476186,
51580,
85503,
388711,
857465,
1022262,
908042,
961236,
148021,
178310,
376414,
696290,
351472,
659404,
171599,
250765,
8445,
351445,
1062806,
454892,
1099001,
777589,
132859,
524505,
937107,
414044,
592404,
774522,
465037,
711765,
604969,
690371,
417032,
414422,
866608,
15279,
623358,
252090,
507621,
193823,
695977,
180599,
657644,
363030,
494298,
4484,
840376,
81046,
36734,
1071589,
528168,
641787,
1123030,
914470,
717059,
135989,
147627,
682560,
796004,
1009593,
14196,
655207,
99090,
316702,
157473,
909556,
1171742,
1127002,
71962,
705687,
897510,
74785,
393051,
223851,
992199,
593826,
790604,
56379,
935557,
1064829,
1090391,
816504,
898251,
1104075,
743922,
187728,
208263,
797999,
187080,
158810,
1147809,
575094,
697701,
1030163,
1057487,
619265,
295511,
652973,
540280,
763145,
1086700,
561016,
1040158,
1027732,
1050930,
814214,
81278,
179032,
372308,
1288,
1016625,
976230,
926281,
1142025,
414469,
706416,
77732,
396148,
153258,
442546,
445741,
568931,
714531,
253409,
3544,
1054576,
1028085,
489468,
234262,
690650,
964906,
621903,
135176,
262501,
297774,
209013,
431082,
1054910,
1177309,
165970,
448212,
515765,
445974,
267608,
1002100,
612216,
255315,
398179,
813198,
1118882,
539807,
969519,
994970,
1006726,
970916,
931925,
1178055,
563176,
842417,
211142,
1050741,
430489,
677970,
671992,
94353,
74097,
1154514,
520846,
384267,
5107,
939026,
305066,
305389,
75814,
783813,
464640,
1156504,
853383,
838096,
893484,
371551,
987212,
1092945,
983155,
119555,
717494,
302323,
1091982,
376356,
494639,
691485,
505934,
185174,
355250,
813537,
370305,
150850,
218315,
629338,
128182,
586891,
1092164,
394119,
959109,
397294,
4760,
169871,
980761,
141051,
992735,
64064,
1015830,
1041012,
762964,
187586,
1064957,
891456,
614220,
922252,
830202,
292655,
517751,
737440,
290576,
1148662,
73984,
273562,
679722,
1020167,
233661,
429566,
1021696,
576966,
82096,
17164,
149411,
577976,
550284,
2925,
392357,
756537,
528600,
29999,
51708,
69601,
285093,
595190,
11509,
819850,
361257,
546189,
903302,
611862,
1170598,
881165,
132877,
280483,
908899,
732686,
796787,
1173613,
127071,
520185,
544709,
1079273,
300847,
273078,
331281,
933644,
407492,
6720,
378726,
373147,
271794,
710011,
435555,
1049599,
966699,
835189,
238542,
761280,
61177,
1044532,
349690,
757350,
771254,
372534,
745401,
288297,
256213,
375531,
345740,
63123,
556859,
411454,
708013,
528095,
144288,
207453,
1080081,
728364,
702795,
1147499,
165712,
93070,
111883,
779696,
572443,
816402,
756076,
679332,
1033288,
236166,
725427,
986740,
508932,
429776,
927532,
724129,
59839,
110553,
735799,
716659,
1176988,
846676,
1048423,
590484,
212440,
421285,
120817,
1187582,
865914,
207396,
154813,
7323,
75940,
433216,
518715,
465707,
291861,
806697,
1180100,
509245,
874068,
482893,
47984,
904333,
380092,
1152403,
908300,
565892,
492053,
1029004,
13083,
154612,
855350,
848935,
766709,
1055444,
111172,
1060829,
673503,
540076,
150981,
426439,
1111632,
611811,
591005,
924358,
351150,
1070517,
407289,
791981,
442527,
640862,
425955,
1052162,
145264,
1140232,
689153,
1000687,
60398,
672132,
604008,
171298,
271552,
1113594,
290959,
1190510,
717188,
188939,
82447,
918743,
1062057,
1056739,
1044261,
808838,
400371,
664839,
772083,
775359,
101127,
427912,
302801,
772904,
878501,
122718,
325802,
232714,
296950,
402787,
693065,
252433,
866431,
97371,
714470,
482721,
1021988,
740078,
785578,
664414,
669864,
140360,
143590,
423826,
882973,
601840,
1070941,
97094,
195662,
1072459,
765865,
566311,
268142,
1124016,
642769,
196762,
685073,
125596,
659137,
657966,
938636,
146533,
749813,
879662,
1111432,
31752,
1120033,
27745,
227572,
1090837,
387226,
133355,
857246,
673729,
266530,
1014115,
39522,
750057,
838785,
1013277,
451309,
464859,
360779,
736360,
1181113,
811238,
473219,
208578,
546991,
286619,
210438,
652253,
1184562,
1193077,
759528,
50796,
671310,
648138,
854093,
275745,
1137867,
495437,
759060,
33485,
983574,
1168423,
291501,
477507,
472704,
550696,
1128083,
1052287,
729396,
1047809,
1086299,
973047,
655232,
1077845,
352838,
1165177,
42047,
284872,
755896,
229846,
158267,
590324,
888386,
1145812,
202323,
263116,
565696,
791261,
615185,
551752,
794405,
226085,
266592,
1044234,
134632,
923267,
19846,
743440,
627138,
296301,
565989,
1069315,
388240,
845219,
337554,
196735,
340885,
344054,
359530,
1047186,
459826,
121831,
946835,
526856,
558845,
961904,
709051,
670504,
420932,
165067,
1184238,
756677,
1030762,
846578,
1045130,
995462,
209978,
676848,
1033752,
734618,
358207,
551436,
196360,
454172,
1160716,
948642,
685635,
34583,
966297,
428268,
340638,
654736,
1133811,
288481,
198447,
81235,
37649,
686680,
1024045,
565412,
288268,
1071667,
700834,
717526,
792147,
341716,
296608,
180032,
355624,
1192663,
636973,
356442,
659220,
1042542,
226215,
1148411,
91315,
561081,
982586,
295577,
131998,
1064886,
640129,
377164,
927154,
615633,
949946,
259102,
357417,
206161,
261006,
673212,
1062348,
1060301,
21072,
9994,
1013940,
833761,
1172858,
29547,
1064879,
163025,
943115,
454671,
800325,
839713,
556660,
55600,
666886,
1133324,
573839,
986945,
1167178,
456615,
47543,
87832,
780368,
909746,
347497,
182856,
638581,
400315,
868592,
265710,
1053902,
665389,
1091893,
1191633,
908880,
1082092,
1177247,
708562,
184907,
104014,
643327,
63458,
817193,
641303,
1032833,
1012031,
821215,
385589,
241198,
1151060,
945786,
851125,
386507,
310683,
817571,
1175627,
340906,
334321,
724323,
1122773,
577737,
440432,
274042,
979617,
1022146,
853400,
578422,
500571,
820800,
699789,
1077401,
871538,
844817,
43840,
447153,
1177095,
170567,
858054,
324092,
566295,
1021438,
708453,
590558,
69511,
199751,
242833,
571746,
1058328,
1026528,
97367,
1006068,
865430,
908001,
1039280,
89653,
990016,
413568,
992180,
963768,
778995,
736766,
1162262,
953063,
120112,
1126371,
818381,
1185988,
743549,
1101980,
156463,
53516,
433255,
475061,
401995,
1052245,
421908,
1197580,
1161692,
455420,
1045697,
375071,
579660,
589740,
917387,
314980,
692594,
393673,
187751,
548178,
419461,
82511,
1109471,
1135270,
646214,
1015593,
510218,
1051267,
423886,
1059797,
515293,
819062,
1186632,
16347,
620139,
585458,
859123,
455600,
1125749,
605223,
686137,
394377,
737704,
239245,
1059850,
622926,
170884,
1194608,
1016009,
580358,
1125699,
236870,
144921,
169037,
1040833,
112641,
748462,
944611,
882468,
928730,
1180746,
171163,
638610,
615662,
59401,
46741,
903172,
869915,
481757,
238505,
670193,
554118,
1060197,
619044,
900860,
868088,
512665,
360940,
1138087,
751471,
244073,
729867,
1094578,
600244,
1186465,
375709,
1004636,
739762,
707313,
603405,
1063873,
482441,
768248,
166924,
540833,
1077173,
289422,
751572,
803749,
55452,
691829,
1053115,
1171857,
37576,
861622,
55593,
136593,
394965,
881534,
604429,
1172397,
843885,
44598,
15002,
427904,
925859,
848700,
461285,
315446,
1183721,
620706,
537608,
227375,
897291,
683551,
485965,
65343,
1017796,
140981,
1174500,
1085620,
1085641,
463199,
539650,
516982,
784901,
40530,
369369,
829351,
468344,
1015349,
567807,
1166491,
332523,
1023657,
897049,
71889,
370083,
349141,
1115046,
957292,
950222,
763494,
444394,
715175,
191242,
374581,
55801,
498756,
931786,
671849,
319729,
1118879,
364227,
880997,
1020434,
1163114,
909498,
682307,
371694,
871997,
40422,
890712,
1054968,
1056481,
822427,
255793,
414518,
228703,
416473,
1080533,
721612,
1133395,
202544,
746320,
436560,
499914,
176518,
694055,
352057,
806097,
49277,
110063,
199672,
108514,
954182,
527076,
696526,
789503,
980113,
1164930,
491762,
826530,
84246,
30260,
224427,
997303,
1061745,
1032062,
122970,
961135,
852490,
148189,
1018475,
645526,
426703,
1052835,
521942,
865999,
991226,
700979,
1175654,
617587,
22742,
56581,
1006919,
711653,
117700,
855538,
724168,
144503,
378333,
848479,
635988,
614548,
44297,
1151122,
371744,
1118632,
549585,
106840,
255746,
670706,
1178033,
476311,
880342,
901584,
786985,
1195680,
1101807,
6749,
920804,
913912,
182939,
309242,
432830,
993932,
809830,
154435,
605421,
822434,
853578,
927535,
364035,
390399,
737414,
1043048,
884121,
112404,
793596,
410082,
87967,
44211,
961875,
167381,
130650,
1181316,
938506,
720912,
564008,
131780,
473438,
885758,
1028852,
501797,
393588,
1135398,
26865,
804378,
109998,
385011,
808171,
784349,
565055,
1095679,
765037,
288589,
985883,
529699,
22097,
90189,
644994,
769978,
975299,
990331,
218574,
421673,
8027,
61817,
670014,
233530,
300294,
270892,
50542,
632370,
1068860,
438541,
1159758,
11740,
690910,
931799,
567947,
820145,
867200,
149897,
34268,
386285,
1078565,
390447,
889415,
691764,
506908,
521232,
722931,
565176,
389730,
59817,
1177910,
734222,
563675,
637295,
792822,
1142535,
176031,
410558,
933373,
295298,
167154,
1154339,
141410,
551220,
81093,
642578,
1072043,
826312,
1173748,
589953,
440798,
606739,
638799,
1063932,
603274,
364196,
1127992,
342718,
1041094,
353608,
943511,
663815,
494915,
340949,
1135991,
514352,
909463,
608248,
822794,
389366,
849925,
143172,
662526,
721095,
69526,
1000661,
1026522,
205088,
1134730,
412948,
1157981,
630511,
858215,
864575,
287421,
701867,
503709,
515983,
294643,
123594,
75704,
392362,
1004033,
117306,
855676,
177803,
481686,
705826,
499147,
1082931,
751600,
439446,
1097450,
362138,
1017659,
599768,
23504,
413860,
1087244,
515981,
157120,
171876,
204505,
57192,
996719,
538565,
723789,
74363,
254612,
832144,
902152,
827883,
627791,
893852,
915383,
728432,
79414,
496233,
1097364,
343398,
535067,
108027,
1167349,
390951,
1115190,
477926,
1009352,
966000,
1186389,
800827,
993916,
1022747,
694143,
1125894,
204600,
336506,
765893,
245687,
1060639,
1053286,
23898,
788483,
591622,
576236,
708991,
168184,
31442,
936238,
111014,
854395,
611285,
378811,
613648,
792470,
248343,
525828,
908814,
222492,
346904,
196129,
66219,
1109327,
1013256,
904721,
465146,
484211,
248821,
1155597,
463537,
1109693,
734133,
640482,
392615,
1143259,
465804,
56244,
499024,
666995,
826976,
220672,
937180,
274987,
299090,
641750,
585551,
226290,
673651,
488385,
600363,
186258,
384467,
836179,
669799,
1023708,
108628,
974932,
348568,
1044847,
1145964,
401744,
1138078,
1070361,
454487,
194517,
955128,
450695,
304928,
345314,
929137,
458364,
653861,
190218,
963138,
266307,
1081677,
1266,
1094789,
321844,
719523,
311182,
26564,
378758,
518771,
143733,
1093157,
51116,
616285,
1000908,
1079191,
578841,
788073,
332404,
602139,
1117438,
956418,
875828,
226316,
553890,
772742,
526175,
991039,
100352,
817135,
529511,
83362,
928896,
406283,
571433,
202534,
878538,
1066475,
1063437,
18940,
427598,
1198458,
36879,
7837,
1162601,
7507,
1141432,
1090078,
170875,
1095263,
968508,
1181176,
103869,
1084335,
738522,
982783,
524417,
650460,
905638,
389945,
200091,
139719,
740844,
671963,
951391,
96537,
873693,
799959,
850459,
494,
974904,
112625,
553588,
1142412,
825428,
992228,
1008690,
336769,
939518,
362372,
897337,
899694,
549353,
1159044,
370615,
772702,
364189,
617473,
1011493,
210157,
353662,
500106,
540935,
654768,
738705,
919996,
318940,
322959,
603073,
1120492,
786987,
881951,
1138789,
1063767,
93175,
1025974,
67666,
406034,
232675,
355107,
162370,
1197253,
231114,
754579,
915271,
1026830,
156847,
143924,
1132130,
250570,
105052,
966492,
389068,
1021580,
716748,
380425,
518374,
432727,
472279,
10298,
121547,
121053,
83431,
670342,
553397,
413378,
275161,
692187,
869238,
839198,
63168,
1113718,
1120014,
63697,
885081,
733142,
314553,
745341,
233788,
145037,
1186663,
558993,
262999,
686046,
298970,
747260,
199477,
760681,
237481,
158707,
473771,
321914,
196393,
254613,
496408,
133949,
889785,
247990,
1191676,
833491,
1175249,
904172,
398022,
244267,
1049879,
1056632,
217639,
418190,
47140,
206040,
699368,
701086,
492139,
145960,
187511,
287857,
305104,
991,
1135707,
207678,
827626,
461708,
729707,
246533,
56060,
1095616,
1189539,
462258,
83147,
844773,
324516,
9248,
85268,
262134,
1026086,
761274,
454461,
494665,
272610,
121523,
180884,
1168319,
1106533,
310156,
107621,
389671,
345244,
851168,
788961,
136298,
1179984,
240782,
1097060,
544252,
275295,
594427,
912013,
846127,
932640,
222132,
593671,
307406,
333317,
643810,
372818,
376614,
729309,
843897,
39377,
689545,
529465,
518233,
454350,
904615,
1084841,
529522,
704274,
162515,
923299,
545479,
1122189,
691882,
847317,
599666,
1118098,
517203,
943520,
314814,
437868,
446528,
610327,
196344,
1117451,
972053,
363717,
369617,
429744,
1180576,
525204,
644879,
513304,
734188,
794354,
828929,
339876,
1089201,
245408,
1188640,
255312,
238754,
121931,
135785,
1158306,
42086,
949505,
48647,
764852,
145895,
2480,
169136,
556090,
1062922,
474884,
442210,
47183,
348718,
987686,
685052,
9395,
374490,
985700,
116497,
568345,
470039,
705326,
1075361,
458204,
978122,
175732,
1048553,
1164322,
744101,
939600,
906129,
601849,
394098,
165278,
277713,
1074198,
1114906,
591305,
688446,
515168,
737553,
770428,
21869,
169713,
543096,
17981,
453114,
39817,
603345,
1167151,
99982,
1068176,
508825,
653509,
784124,
422697,
222083,
758518,
276122,
527370,
878752,
465590,
852342,
584099,
647983,
93690,
711593,
1127478,
541316,
602853,
444324,
218063,
833855,
278040,
55839,
756810,
979251,
363096,
145920,
1009122,
780306,
11372,
332169,
276305,
990048,
516533,
210023,
390662,
1080261,
627441,
301360,
1111411,
869584,
98746,
763609,
731215,
597451,
156309,
334790,
298485,
647210,
166180,
587246,
67801,
842472,
461415,
1137600,
912511,
1188834,
1053954,
1196977,
1138280,
1134775,
217389,
1124936,
531961,
1148122,
200524,
888656,
929999,
331871,
163397,
1001545,
299527,
1006056,
438304,
947622,
569907,
231292,
381183,
875181,
778883,
710708,
934374,
340222,
371191,
1121682,
439079,
1127188,
288783,
551560,
140943,
767928,
51424,
254599,
275698,
924069,
471894,
168752,
1057714,
720148,
1041798,
66722,
785808,
1003920,
567730,
480404,
589239,
282517,
492463,
669282,
780796,
836789,
766723,
180751,
800679,
697347,
615540,
427879,
270676,
1197649,
1080894,
1191189,
657856,
7148,
1175632,
1148694,
474049,
397871,
502150,
14841,
1085350,
63203,
11938,
302055,
104511,
581805,
578181,
1138919,
1020357,
961736,
886941,
60694,
544435,
40860,
669785,
10659,
6725,
16859,
663110,
1024033,
182045,
734845,
477554,
500230,
960195,
600291,
494472,
850205,
478163,
1047382,
694596,
821945,
1190140,
232512,
730527,
718224,
616157,
861506,
550235,
895808,
884826,
465973,
548512,
859974,
5801,
1044792,
779206,
112634,
973140,
539655,
724665,
985735,
84103,
1160902,
438807,
865840,
1124662,
1151086,
1086973,
507439,
28039,
291345,
1162610,
855743,
845296,
106373,
3704,
222572,
1086033,
1019277,
956630,
857905,
776196,
792243,
476544,
900780,
657349,
296239,
446275,
932984,
986237,
249736,
671391,
821257,
278598,
1076069,
40939,
279833,
344634,
416103,
694140,
1025365,
594372,
417634,
230681,
916924,
502168,
508985,
114204,
382307,
898162,
1179850,
38241,
1019401,
191473,
709120,
1143952,
743444,
46019,
180457,
693785,
674835,
752723,
437357,
819402,
1167128,
869988,
865217,
362883,
576763,
761630,
417169,
606756,
459962,
411328,
654543,
991314,
189453,
394327,
150249,
204815,
341802,
547829,
212782,
299186,
890408,
1050811,
696694,
448344,
916188,
829739,
584193,
